Cycle Nr.	1	2	3	4	5	6	7	8	9	10	11	12	13	14	15	16	17	18	19	20	21	22	23	24	25	26	27	28	29	30	31	32	33	34	35	36	37	38	39	40	41	42	43	44	45	46	47	48	49	50	51	52	53	54	55	56	57	58	59	60	61	62	63	64	65	66	67	68	69	70	71	72	73	74	75	76	77	78	79	80	81	82	83	84	85	86	87	88	89	90	91	92	93	94	95	96	97	98	99	100	101	102	103	104	105	106	107	108	109	110	111	112	113	114	115	116	117	118	119	120	121	122	123	124	125	126	127	128	129	130	131	132	133	134	135	136	137	138	139	140	141	142	143	144	145	146	147	148	149	150	151	152	153	154	155	156	157	158	159	160	161	162	163	164	165	166	167	168	169	170	171	172	173	174	175	176	177	178	179	180	181	182	183	184	185	186	187	188	189	190	191	192	193	194	195	196	197	198	199	200	201	202	203	204	205	206	207	208	209	210	211	212	213	214	215	216	217	218	219	220	221	222	223	224	225	226	227	228	229	230	231	232	233	234	235	236	237	238	239	240	241	242	243	244	245	246	247	248	249	250	251	252	253	254	255	256	257	258	259	260	261	262	263	264	265	266	267	268	269	270	271	272	273	274	275	276	277	278	279	280	281	282	283	284	285	286	287	288	289	290	291	292	293	294	295	296	297	298	299	300
Time [s]	0	928,2	1856,4	2784,5	3712,7	4640,9	5569,1	6497,3	7425,5	8353,6	9281,8	10210	11138,2	12066,4	12994,6	13922,7	14850,9	15779,1	16707,3	17635,5	18563,7	19491,8	20420	21348,2	22276,4	23204,6	24132,7	25060,9	25989,1	26917,3	27845,5	28773,6	29701,8	30630,1	31558,2	32486,4	33414,6	34342,8	35271	36199,2	37127,8	38055,9	38984,1	39912,3	40840,5	41768,7	42696,9	43625	44553,2	45481,4	46409,6	47337,8	48265,9	49194,1	50122,3	51050,5	51978,7	52906,9	53835,1	54763,2	55691,4	56619,6	57547,8	58476	59404,1	60332,3	61260,5	62188,7	63116,9	64045,1	64973,2	65901,4	66829,6	67757,8	68686	69614,1	70542,3	71470,5	72398,7	73326,9	74255,5	75183,7	76111,8	77040	77968,2	78896,4	79824,6	80752,8	81680,9	82609,1	83537,3	84465,5	85393,7	86321,8	87250	88178,2	89106,4	90034,6	90962,8	91890,9	92819,1	93747,3	94675,5	95603,7	96531,9	97460	98388,2	99316,4	100244,6	101172,8	102101	103029,1	103957,3	104885,5	105813,7	106741,9	107670	108598,2	109526,4	110454,6	111383,2	112311,4	113239,6	114167,8	115095,9	116024,1	116952,3	117880,5	118808,7	119736,9	120665,1	121593,3	122521,4	123449,6	124377,8	125306	126234,1	127162,4	128090,5	129018,7	129946,9	130875,1	131803,3	132731,4	133659,6	134587,8	135516	136444,2	137372,4	138300,5	139228,7	140156,9	141085,1	142013,3	142941,4	143869,6	144797,8	145726	146654,2	147582,4	148511	149439,1	150367,3	151295,5	152223,7	153151,9	154080	155008,2	155936,4	156864,6	157792,8	158721	159649,1	160577,3	161505,5	162433,7	163361,9	164290	165218,2	166146,4	167074,6	168002,8	168930,9	169859,1	170787,3	171715,5	172643,7	173571,9	174500	175428,2	176356,4	177284,6	178212,8	179140,9	180069,1	180997,3	181925,5	182853,7	183781,9	184710	185638,7	186566,8	187495	188423,2	189351,4	190279,6	191207,8	192135,9	193064,1	193992,3	194920,5	195848,7	196776,8	197705	198633,2	199561,4	200489,6	201417,8	202345,9	203274,1	204202,3	205130,5	206058,7	206986,9	207915,1	208843,3	209771,4	210699,6	211627,8	212556	213484,2	214412,3	215340,5	216268,7	217196,9	218125,1	219053,3	219981,4	220909,6	221837,8	222766,4	223694,6	224622,8	225550,9	226479,1	227407,3	228335,5	229263,7	230191,9	231120	232048,2	232976,4	233904,6	234832,8	235761	236689,2	237617,3	238545,5	239473,7	240401,9	241330	242258,2	243186,4	244114,6	245042,8	245971	246899,1	247827,3	248755,5	249683,7	250611,9	251540	252468,2	253396,4	254324,6	255252,8	256181	257109,2	258037,3	258965,5	259894,1	260822,3	261750,5	262678,7	263606,8	264535	265463,2	266391,4	267319,6	268247,8	269175,9	270104,1	271032,3	271960,5	272888,7	273816,8	274745	275673,2	276601,4	277529,6
Temp. [°C]	30	30,2	29,9	30,2	30,1	30,1	30,3	30,3	30,1	30,1	30,1	30,1	30,1	30,2	30,4	30,1	30	30,2	30	30,1	30,3	30,2	30,1	30,2	30	30,2	30,2	30,1	30,1	30,1	30,1	30,1	29,9	30	30,3	30	30	30	29,9	30,1	30,2	30,1	30	30,3	30,1	29,9	30,1	30,2	30,3	30,1	29,9	29,9	30,1	30,4	30,2	30,1	30	30,1	30,1	30,3	30,1	30,1	30,1	30,1	30,2	30,3	30,1	30,2	30,1	29,9	30,2	30,1	30	30,2	30,1	30,2	30,1	30,2	30,1	30,2	30	30,2	30,1	30,1	30,2	30,2	30,3	30	30,1	30,3	30,1	30,2	30,2	30	30	30,3	30	30,3	30,4	30,3	30,1	30,3	30,1	30,1	30	30,3	30,2	30	29,9	30,1	30,2	30,1	30	29,9	30	30,1	30,1	30	30,3	30,2	30,2	30,3	30	29,9	30,1	30,3	30,1	30,1	30,2	30	30,1	29,9	30	30,1	30,3	30,3	30,3	30,2	30,2	30,1	30,2	30,1	30,2	30,1	29,9	30,3	29,9	30,2	30,2	30,1	30,1	30,1	30,3	30	29,9	30,1	30	30,2	30,1	29,9	30	30,2	30,3	30,1	30	30	30	30	30	30,3	30,1	30	30,2	30,3	30	30	29,9	30,1	30,1	30,1	30,2	29,9	30	29,9	30,3	30,2	30,1	30,1	30,1	30	30,1	30,2	30	30,1	30	30	30	30,1	30,2	30	30,3	30,1	30,2	30,2	30,2	30,4	30	30,1	30,2	30	29,9	30,5	30,1	30,2	30,3	30,2	30,2	30,1	30,2	30,1	30,2	30,2	30,2	30,2	30,2	30,2	30,1	30,2	30,1	30,2	29,9	30	30,3	30	30,1	30,3	29,9	30	30	30,3	30	30,1	30,2	30,3	30,3	30,1	30,1	30,1	30,1	30,2	30	30,3	30,1	30,1	30,3	30,2	29,9	30,2	30,1	30,1	30,2	29,9	30,3	30,1	30,2	30,2	30,4	30,1	30,2	30,2	30,1	30,1	30,1	30,3	30	30,1	30	30	30,3	30,3	30	30,3	30,5	30,2	30,1	30,4	29,9	30	30,3	30	30,1	30,3	30,4	30,1	30,1	30,1	30,1	30,2	30,1	30,1
A1	0,102600001	0,100900002	0,101300001	0,101000004	0,100599997	0,100500003	0,100599997	0,100599997	0,100599997	0,100400001	0,100000001	0,100299999	0,100000001	0,100000001	0,099799998	0,0999	0,0999	0,099699996	0,100000001	0,099799998	0,099699996	0,099600002	0,0995	0,099699996	0,099299997	0,099299997	0,099200003	0,098999999	0,099299997	0,099399999	0,099299997	0,098899998	0,098999999	0,098899998	0,098999999	0,098800004	0,098899998	0,098399997	0,0986	0,098399997	0,098499998	0,0986	0,098499998	0,098700002	0,098300003	0,098300003	0,098499998	0,098499998	0,098300003	0,098300003	0,098300003	0,098200001	0,098300003	0,098200001	0,098200001	0,098300003	0,097999997	0,097999997	0,098300003	0,097999997	0,097900003	0,098200001	0,098099999	0,097800002	0,098200001	0,098099999	0,098099999	0,098200001	0,097999997	0,098300003	0,097999997	0,097999997	0,098200001	0,097999997	0,098200001	0,097999997	0,098099999	0,097999997	0,097999997	0,098099999	0,098099999	0,098399997	0,098399997	0,097999997	0,098300003	0,098300003	0,097999997	0,0986	0,098300003	0,098200001	0,098399997	0,098399997	0,098399997	0,098800004	0,098499998	0,098700002	0,098200001	0,0986	0,098399997	0,098800004	0,098700002	0,098399997	0,098499998	0,098399997	0,098800004	0,0986	0,098899998	0,098999999	0,0986	0,098800004	0,098700002	0,098800004	0,098899998	0,099100001	0,099200003	0,099399999	0,099200003	0,099399999	0,099399999	0,099699996	0,099399999	0,0995	0,0999	0,099600002	0,099699996	0,099799998	0,099600002	0,0995	0,099699996	0,0999	0,100000001	0,0999	0,100199997	0,100199997	0,100299999	0,100400001	0,100299999	0,100400001	0,100299999	0,100299999	0,100100003	0,100299999	0,100500003	0,100599997	0,101099998	0,1008	0,101499997	0,101599999	0,101899996	0,102499999	0,102499999	0,103	0,103299998	0,103600003	0,104199998	0,104800001	0,105099998	0,105599999	0,105800003	0,1065	0,107299998	0,108499996	0,109300002	0,109499998	0,110600002	0,110699996	0,111900002	0,112999998	0,112899996	0,114500001	0,115999997	0,116300002	0,1171	0,118199997	0,118799999	0,119800001	0,121699996	0,122699998	0,123899996	0,126399994	0,127399996	0,128299996	0,128299996	0,131400004	0,130899996	0,132599995	0,133599997	0,132799998	0,134599999	0,132799998	0,132499993	0,132200003	0,131099999	0,131200001	0,130500004	0,129500002	0,129899994	0,130400002	0,129299998	0,129299998	0,127900004	0,128399998	0,128299996	0,127900004	0,127399996	0,127499998	0,128000006	0,128000006	0,126800001	0,126399994	0,126300007	0,126000002	0,126599997	0,125499994	0,125799999	0,126200005	0,126100004	0,125699997	0,126100004	0,126200005	0,126399994	0,126100004	0,126399994	0,126399994	0,125699997	0,126599997	0,1259	0,126100004	0,126000002	0,125699997	0,125100002	0,126100004	0,125699997	0,125300005	0,125300005	0,1259	0,125799999	0,125599995	0,125200003	0,125599995	0,124799997	0,125400007	0,125699997	0,124799997	0,125100002	0,125100002	0,125100002	0,125400007	0,1259	0,125400007	0,125499994	0,125799999	0,1259	0,125799999	0,125499994	0,126000002	0,125699997	0,125699997	0,126399994	0,126100004	0,125200003	0,125499994	0,125799999	0,125599995	0,124899998	0,124499999	0,1241	0,125100002	0,124399997	0,124799997	0,124399997	0,125100002	0,124799997	0,125300005	0,124799997	0,124499999	0,125	0,125300005	0,125100002	0,125200003	0,125300005	0,124600001	0,124300003	0,124600001	0,124899998	0,124200001	0,124700002	0,125599995	0,124399997	0,1237	0,124899998	0,125	0,125300005	0,125400007	0,126000002	0,124899998	0,124600001	0,123999998	0,123999998	0,124399997
A2	0,103299998	0,102899998	0,102700002	0,102600001	0,102399997	0,102799997	0,102600001	0,103	0,103299998	0,103699997	0,103699997	0,104199998	0,104599997	0,104800001	0,104800001	0,105400003	0,104900002	0,105899997	0,106399998	0,105999999	0,1061	0,105999999	0,106299996	0,1065	0,106899999	0,106799997	0,107100002	0,107900001	0,106899999	0,107000001	0,107199997	0,107799999	0,107199997	0,106899999	0,106700003	0,108900003	0,107299998	0,107699998	0,107299998	0,107500002	0,107799999	0,107799999	0,107199997	0,107699998	0,107600003	0,107699998	0,107799999	0,107799999	0,107900001	0,107699998	0,107699998	0,107699998	0,107500002	0,108099997	0,1083	0,108000003	0,107799999	0,108000003	0,108199999	0,1083	0,108499996	0,109200001	0,1083	0,108800001	0,107699998	0,108000003	0,108400002	0,108900003	0,108599998	0,108900003	0,108800001	0,108900003	0,1105	0,108999997	0,108800001	0,108599998	0,108900003	0,109300002	0,1096	0,109899998	0,109700002	0,111100003	0,109999999	0,110699996	0,1096	0,110799998	0,109300002	0,110200003	0,110100001	0,109999999	0,111199997	0,110799998	0,1105	0,110699996	0,1105	0,110799998	0,110399999	0,110699996	0,110299997	0,110600002	0,110799998	0,1105	0,111299999	0,111199997	0,111500002	0,111299999	0,1118	0,111500002	0,112599999	0,111500002	0,112099998	0,111900002	0,111599997	0,111599997	0,112099998	0,111699998	0,111599997	0,111699998	0,111500002	0,111699998	0,1118	0,111599997	0,1118	0,111500002	0,111000001	0,1109	0,111400001	0,109499998	0,1087	0,108199999	0,107000001	0,105999999	0,104599997	0,103399999	0,102399997	0,101899996	0,1017	0,101400003	0,101499997	0,101499997	0,101999998	0,102600001	0,102200001	0,102799997	0,103399999	0,103799999	0,104500003	0,103699997	0,103299998	0,103500001	0,102499999	0,104400001	0,105499998	0,105499998	0,104999997	0,1065	0,104599997	0,104699999	0,105599999	0,1061	0,107199997	0,107799999	0,107699998	0,1087	0,108800001	0,109800003	0,108199999	0,108599998	0,108999997	0,109999999	0,109800003	0,111900002	0,111199997	0,1109	0,112400003	0,112400003	0,112400003	0,1118	0,111000001	0,110799998	0,110299997	0,110699996	0,110399999	0,110200003	0,109899998	0,109399997	0,109300002	0,1096	0,109499998	0,109499998	0,109800003	0,109300002	0,108800001	0,109300002	0,108800001	0,108900003	0,1087	0,108599998	0,108800001	0,1087	0,108599998	0,107900001	0,107900001	0,109300002	0,107799999	0,107799999	0,1083	0,108800001	0,108499996	0,1087	0,108499996	0,109099999	0,109099999	0,108900003	0,108499996	0,108000003	0,108199999	0,108900003	0,107699998	0,108400002	0,107500002	0,106899999	0,107500002	0,107199997	0,107600003	0,107600003	0,107900001	0,107600003	0,107199997	0,107600003	0,107299998	0,1074	0,107500002	0,107699998	0,107600003	0,1074	0,107299998	0,107699998	0,1074	0,107100002	0,1074	0,107299998	0,107299998	0,107600003	0,107799999	0,107699998	0,108000003	0,108000003	0,108499996	0,107699998	0,108199999	0,108199999	0,108499996	0,108499996	0,108199999	0,108400002	0,108499996	0,1083	0,108499996	0,1083	0,108599998	0,108599998	0,108400002	0,1087	0,108800001	0,1083	0,108199999	0,109300002	0,108800001	0,108800001	0,108800001	0,108900003	0,108800001	0,109099999	0,109399997	0,109200001	0,109300002	0,109200001	0,109099999	0,109800003	0,109099999	0,109300002	0,110100001	0,109099999	0,108599998	0,108599998	0,108900003	0,108900003	0,108800001	0,108599998	0,109700002	0,109099999	0,1096	0,108400002	0,108499996	0,108400002	0,1087	0,108800001	0,108400002	0,108599998
A3	0,109200001	0,105999999	0,106399998	0,105999999	0,106700003	0,106600001	0,107100002	0,107299998	0,108800001	0,1087	0,1096	0,109899998	0,110699996	0,111199997	0,111199997	0,112199999	0,1127	0,112800002	0,1131	0,1131	0,113799997	0,114200003	0,114699997	0,114500001	0,114699997	0,114500001	0,115199998	0,115500003	0,115099996	0,115800001	0,115400001	0,1162	0,116300002	0,1162	0,116599999	0,116400003	0,116300002	0,1162	0,1171	0,1171	0,1171	0,116599999	0,116999999	0,116999999	0,117299996	0,117700003	0,117700003	0,118199997	0,118000001	0,117600001	0,118500002	0,117700003	0,118100002	0,118500002	0,118299998	0,118500002	0,118299998	0,119000003	0,118799999	0,119000003	0,119499996	0,119099997	0,1193	0,118900001	0,119599998	0,119800001	0,119499996	0,120499998	0,119900003	0,120300002	0,120200001	0,120899998	0,120700002	0,120499998	0,120700002	0,120700002	0,120899998	0,1215	0,121799998	0,121600002	0,121600002	0,121699996	0,122000001	0,1219	0,122500002	0,122599997	0,122699998	0,122900002	0,123300001	0,123300001	0,123599999	0,123599999	0,123300001	0,123499997	0,124300003	0,124499999	0,123899996	0,124200001	0,123999998	0,123899996	0,124499999	0,124899998	0,124600001	0,124799997	0,125799999	0,125100002	0,125599995	0,125699997	0,125100002	0,1259	0,126200005	0,125799999	0,126399994	0,126399994	0,126499996	0,126699999	0,126800001	0,126900002	0,127000004	0,127100006	0,127499998	0,127200007	0,127100006	0,127499998	0,127499998	0,127299994	0,127700001	0,126800001	0,127200007	0,127299994	0,126800001	0,125799999	0,126100004	0,124799997	0,125	0,123599999	0,1228	0,121699996	0,120899998	0,120800003	0,119599998	0,118299998	0,118100002	0,117399998	0,1162	0,115699999	0,115400001	0,115800001	0,115599997	0,114699997	0,114799999	0,114500001	0,114500001	0,114399999	0,114500001	0,113899998	0,113799997	0,114100002	0,114600003	0,114100002	0,113799997	0,113799997	0,113600001	0,114	0,114200003	0,114	0,113600001	0,113799997	0,113899998	0,114	0,113799997	0,113600001	0,113300003	0,112800002	0,1131	0,112999998	0,1131	0,113300003	0,113499999	0,113300003	0,1127	0,112899996	0,113499999	0,113399997	0,1127	0,1131	0,1127	0,112499997	0,112999998	0,1127	0,1127	0,112999998	0,112000003	0,112599999	0,112899996	0,1127	0,112899996	0,112599999	0,1127	0,112499997	0,112800002	0,1127	0,112800002	0,112499997	0,112499997	0,112300001	0,1127	0,1127	0,112599999	0,112499997	0,112800002	0,112999998	0,1127	0,112999998	0,112599999	0,112599999	0,112999998	0,112599999	0,112999998	0,113399997	0,113200001	0,1127	0,112899996	0,112999998	0,113300003	0,112800002	0,113399997	0,113399997	0,113499999	0,113499999	0,113300003	0,113899998	0,113300003	0,114100002	0,113799997	0,113799997	0,113899998	0,113499999	0,114100002	0,114100002	0,114399999	0,114799999	0,115400001	0,1149	0,115099996	0,115699999	0,116099998	0,118600003	0,119000003	0,119199999	0,119599998	0,120399997	0,120899998	0,120700002	0,121399999	0,122199997	0,123999998	0,123599999	0,124600001	0,124600001	0,125400007	0,126300007	0,129299998	0,1285	0,129899994	0,129500002	0,128900006	0,128999993	0,133300006	0,147699997	0,147799999	0,147100002	0,148100004	0,147699997	0,147300005	0,147200003	0,147	0,147699997	0,146699995	0,147	0,147300005	0,146200001	0,146799996	0,147100002	0,145799994	0,146500006	0,146200001	0,145600006	0,145899996	0,144999996	0,145199999	0,145199999	0,144899994	0,145300001	0,144899994	0,144700006	0,144600004	0,145099998	0,143800005	0,144099995
A4	0,108099997	0,107500002	0,107600003	0,107299998	0,107699998	0,108000003	0,108499996	0,109499998	0,110399999	0,111100003	0,111900002	0,112499997	0,113300003	0,114200003	0,114600003	0,115500003	0,116499998	0,116999999	0,117600001	0,1184	0,1184	0,118900001	0,119800001	0,119499996	0,120300002	0,120700002	0,120999999	0,120800003	0,122199997	0,122699998	0,122699998	0,123199999	0,123400003	0,1237	0,125	0,124700002	0,124499999	0,124300003	0,125799999	0,124899998	0,125699997	0,125400007	0,125300005	0,126599997	0,126100004	0,126800001	0,126300007	0,127000004	0,127100006	0,126699999	0,127700001	0,127499998	0,127399996	0,127800003	0,128299996	0,127900004	0,127900004	0,128099993	0,128800005	0,129500002	0,129299998	0,129199997	0,129999995	0,129700005	0,129899994	0,129800007	0,129899994	0,130799994	0,129999995	0,130899996	0,130999997	0,130500004	0,131300002	0,131400004	0,131699994	0,131500006	0,131899998	0,132200003	0,132499993	0,133699998	0,133200005	0,133499995	0,133200005	0,133599997	0,133699998	0,134299994	0,134299994	0,134599999	0,135199994	0,135000005	0,135100007	0,136099994	0,135800004	0,135900006	0,136299998	0,136899993	0,136700004	0,136999995	0,136700004	0,1373	0,137600005	0,137799993	0,138799995	0,137500003	0,138799995	0,138099998	0,138799995	0,139400005	0,138799995	0,139500007	0,139300004	0,139300004	0,139699996	0,139899999	0,140200004	0,140599996	0,140100002	0,140900001	0,140799999	0,141499996	0,141200006	0,141100004	0,142100006	0,141800001	0,142700002	0,141800001	0,143099993	0,142499998	0,142399997	0,1426	0,143199995	0,143600002	0,143399999	0,143800005	0,143399999	0,143700004	0,144400001	0,144400001	0,144600004	0,144700006	0,144700006	0,145300001	0,145799994	0,145400003	0,145199999	0,146200001	0,146799996	0,147499993	0,146300003	0,148300007	0,147699997	0,147499993	0,147799999	0,147799999	0,148800001	0,148900002	0,148599997	0,149000004	0,149700001	0,149700001	0,148699999	0,149000004	0,149700001	0,150000006	0,151299998	0,1505	0,150999993	0,150600001	0,1514	0,152700007	0,151999995	0,1514	0,151600003	0,1523	0,152400002	0,152600005	0,152500004	0,152899995	0,153500006	0,153799996	0,154300004	0,154300004	0,154400006	0,154499993	0,154300004	0,154300004	0,153799996	0,154599994	0,154100001	0,154799998	0,155399993	0,155000001	0,155200005	0,155200005	0,155200005	0,156800002	0,156299993	0,155000001	0,155399993	0,156599998	0,156499997	0,156200007	0,156599998	0,157199994	0,156200007	0,156399995	0,157800004	0,157900006	0,156499997	0,155499995	0,156800002	0,156100005	0,157000005	0,157000005	0,1567	0,156200007	0,156299993	0,156299993	0,156499997	0,156800002	0,1567	0,157499999	0,156399995	0,156599998	0,157299995	0,156299993	0,156200007	0,157399997	0,1558	0,156499997	0,155699998	0,156399995	0,155100003	0,156900004	0,155499995	0,154699996	0,156000003	0,153500006	0,154599994	0,154499993	0,153999999	0,154799998	0,153400004	0,152700007	0,152999997	0,152899995	0,152899995	0,152700007	0,153200001	0,151600003	0,152899995	0,151600003	0,151299998	0,1514	0,148900002	0,151099995	0,149700001	0,148900002	0,149599999	0,148200005	0,149700001	0,148599997	0,1479	0,148800001	0,147799999	0,1479	0,146799996	0,146300003	0,145899996	0,146200001	0,145500004	0,145400003	0,145600006	0,144999996	0,145600006	0,144299999	0,143600002	0,144199997	0,143099993	0,142700002	0,144299999	0,142299995	0,142299995	0,142000005	0,140900001	0,141200006	0,141399994	0,140300006	0,140599996	0,140300006	0,140100002	0,138999999	0,138300002	0,138699993	0,138899997	0,138300002	0,1382	0,1373	0,137099996	0,137199998
A5	0,1083	0,106399998	0,106799997	0,106399998	0,106700003	0,108199999	0,108400002	0,109200001	0,110799998	0,111699998	0,112800002	0,113799997	0,115099996	0,115099996	0,115699999	0,116599999	0,1175	0,1184	0,119199999	0,119599998	0,120899998	0,120999999	0,122000001	0,122000001	0,123000003	0,123800002	0,124300003	0,124600001	0,124899998	0,126200005	0,126000002	0,126800001	0,126699999	0,127200007	0,127499998	0,128000006	0,128000006	0,128199995	0,128299996	0,127900004	0,128999993	0,128700003	0,128700003	0,1294	0,129700005	0,129600003	0,130500004	0,130700007	0,130199999	0,130199999	0,131099999	0,130600005	0,130899996	0,131400004	0,130899996	0,131200001	0,132100001	0,131899998	0,131999999	0,1329	0,132200003	0,132699996	0,1329	0,133499995	0,133100003	0,134000003	0,133499995	0,134100005	0,1347	0,135299996	0,134499997	0,134499997	0,134499997	0,135299996	0,135499999	0,135499999	0,135800004	0,136399999	0,136600003	0,136700004	0,136999995	0,137799993	0,137199998	0,137099996	0,137199998	0,137799993	0,137799993	0,138699993	0,138600007	0,138600007	0,138999999	0,138899997	0,138899997	0,139799997	0,139899999	0,140699998	0,141000003	0,140699998	0,140699998	0,141299993	0,141900003	0,140900001	0,142299995	0,141399994	0,142399997	0,142700002	0,142299995	0,143000007	0,142800003	0,143900007	0,143999994	0,143399999	0,144299999	0,144899994	0,145400003	0,145099998	0,145400003	0,146500006	0,145500004	0,146599993	0,147	0,146599993	0,147	0,147599995	0,147200003	0,146899998	0,148399994	0,147200003	0,148300007	0,148800001	0,148900002	0,148900002	0,149200007	0,149399996	0,150800005	0,150299996	0,150600001	0,150399998	0,151299998	0,150800005	0,151800007	0,151700005	0,151700005	0,152099997	0,152400002	0,1523	0,153300002	0,153300002	0,153099999	0,154200003	0,153799996	0,154499993	0,154599994	0,154899999	0,155200005	0,155399993	0,1558	0,156499997	0,1558	0,156900004	0,156599998	0,157499999	0,157499999	0,157700002	0,158199996	0,159099996	0,158199996	0,159400001	0,159999996	0,160099998	0,160099998	0,160600007	0,160699993	0,160699993	0,160300002	0,160899997	0,162	0,162	0,162900001	0,162400007	0,161899999	0,163399994	0,163699999	0,164100006	0,164000005	0,1646	0,164100006	0,163900003	0,163399994	0,1646	0,165700004	0,1655	0,165099993	0,166299999	0,166099995	0,166299999	0,166899994	0,166600004	0,168300003	0,167500004	0,167899996	0,168300003	0,167199999	0,168200001	0,168099999	0,168300003	0,168599993	0,169599995	0,169499993	0,168899998	0,169699997	0,169200003	0,170300007	0,169799998	0,1699	0,169300005	0,170499995	0,170499995	0,169400007	0,169799998	0,171399996	0,169799998	0,171100006	0,169100001	0,1699	0,170399994	0,1699	0,170699999	0,169799998	0,171000004	0,171499997	0,171499997	0,171299994	0,171700001	0,171900004	0,171399996	0,171200007	0,171800002	0,170900002	0,172099993	0,171499997	0,171499997	0,171599999	0,170399994	0,171200007	0,170599997	0,171599999	0,171599999	0,172600001	0,171800002	0,171599999	0,171299994	0,172099993	0,171800002	0,171800002	0,170499995	0,171900004	0,170499995	0,171599999	0,171900004	0,171499997	0,170599997	0,170300007	0,171900004	0,171700001	0,1708	0,169400007	0,170699999	0,170900002	0,170200005	0,169699997	0,170000002	0,170499995	0,170200005	0,169699997	0,169200003	0,170100003	0,168500006	0,169499993	0,169100001	0,168400005	0,169	0,168200001	0,167199999	0,166500002	0,166800007	0,167500004	0,168200001	0,167400002	0,166700006	0,167899996	0,167199999	0,167199999	0,167199999	0,166600004	0,165999994	0,166099995	0,165000007	0,165000007	0,165800005
A6	0,107900001	0,105400003	0,105300002	0,105700001	0,106299996	0,107500002	0,1083	0,1096	0,111599997	0,111500002	0,112199999	0,1127	0,113200001	0,113399997	0,113899998	0,113799997	0,1149	0,115199998	0,115900002	0,1153	0,115800001	0,116599999	0,116300002	0,115800001	0,116700001	0,116999999	0,116800003	0,116400003	0,116099998	0,117200002	0,116599999	0,116800003	0,116599999	0,116800003	0,116099998	0,116599999	0,116499998	0,116400003	0,116899997	0,117299996	0,117200002	0,116800003	0,116499998	0,117299996	0,116899997	0,117600001	0,117200002	0,117600001	0,117700003	0,116400003	0,117299996	0,116599999	0,116599999	0,117200002	0,116800003	0,1171	0,116700001	0,116499998	0,115900002	0,116999999	0,116999999	0,116999999	0,117399998	0,116899997	0,1171	0,1171	0,116999999	0,116899997	0,117600001	0,117299996	0,116999999	0,116999999	0,116899997	0,116700001	0,117600001	0,117200002	0,117399998	0,1171	0,117399998	0,1175	0,117700003	0,117899999	0,117700003	0,116999999	0,117299996	0,117700003	0,118100002	0,117700003	0,118000001	0,118000001	0,118100002	0,118900001	0,117799997	0,118699998	0,1184	0,118000001	0,118000001	0,118000001	0,117899999	0,118799999	0,118600003	0,118299998	0,118500002	0,119199999	0,118699998	0,118799999	0,1193	0,118799999	0,118900001	0,1193	0,118799999	0,118299998	0,118900001	0,119199999	0,119599998	0,1197	0,119499996	0,1197	0,1197	0,120499998	0,119599998	0,1193	0,119599998	0,120099999	0,120499998	0,119499996	0,120499998	0,119900003	0,1206	0,120300002	0,120200001	0,120499998	0,120300002	0,120700002	0,121100001	0,120800003	0,120899998	0,121399999	0,120300002	0,120700002	0,120300002	0,120899998	0,120800003	0,121200003	0,120499998	0,120499998	0,121799998	0,121299997	0,121100001	0,121600002	0,1206	0,121399999	0,121399999	0,121699996	0,122299999	0,122100003	0,1219	0,121799998	0,1219	0,122400001	0,122100003	0,122299999	0,122400001	0,122599997	0,122299999	0,122699998	0,1228	0,123400003	0,123000003	0,123400003	0,1241	0,123499997	0,123499997	0,123400003	0,123899996	0,123499997	0,123899996	0,123999998	0,123899996	0,124300003	0,123599999	0,124300003	0,124200001	0,124600001	0,124899998	0,124399997	0,124799997	0,123199999	0,124300003	0,124700002	0,125699997	0,124899998	0,124499999	0,125300005	0,124700002	0,125300005	0,125300005	0,125499994	0,125200003	0,1259	0,126300007	0,125799999	0,125799999	0,125599995	0,1259	0,125	0,126499996	0,126900002	0,126699999	0,126499996	0,126699999	0,126599997	0,126900002	0,126699999	0,126300007	0,126200005	0,127399996	0,126800001	0,126000002	0,126900002	0,127000004	0,126699999	0,127100006	0,127200007	0,127900004	0,127000004	0,127200007	0,127399996	0,127200007	0,126699999	0,127000004	0,127399996	0,127299994	0,127100006	0,127700001	0,127000004	0,128000006	0,127200007	0,127700001	0,127599999	0,127599999	0,127399996	0,127399996	0,127800003	0,127299994	0,127299994	0,127200007	0,127100006	0,127499998	0,127900004	0,127299994	0,127200007	0,126800001	0,126499996	0,127000004	0,126800001	0,126699999	0,126599997	0,126000002	0,125799999	0,126000002	0,126300007	0,125799999	0,125799999	0,126300007	0,126599997	0,125300005	0,124899998	0,126300007	0,125400007	0,124899998	0,125	0,125499994	0,125599995	0,125699997	0,125100002	0,124799997	0,125100002	0,124600001	0,124799997	0,124300003	0,123499997	0,123899996	0,123400003	0,123800002	0,122599997	0,123499997	0,123599999	0,124300003	0,125400007	0,126499996	0,128600001	0,129299998	0,130199999	0,1303	0,130400002	0,132100001	0,132499993	0,1329	0,133499995
A7	0,106799997	0,105800003	0,105700001	0,105300002	0,105800003	0,106200002	0,107100002	0,107699998	0,108499996	0,109800003	0,110200003	0,111500002	0,112400003	0,112800002	0,113700002	0,114500001	0,115900002	0,115900002	0,117600001	0,117399998	0,118600003	0,119499996	0,119499996	0,120399997	0,120899998	0,120899998	0,122299999	0,122199997	0,122900002	0,123999998	0,123199999	0,124200001	0,1241	0,124399997	0,124799997	0,124700002	0,124499999	0,124700002	0,125499994	0,125400007	0,125400007	0,126100004	0,125799999	0,125499994	0,126499996	0,127100006	0,127100006	0,127399996	0,127700001	0,127599999	0,128399998	0,127599999	0,128299996	0,128099993	0,128000006	0,128600001	0,128900006	0,128800005	0,129099995	0,129800007	0,129899994	0,129999995	0,130700007	0,130400002	0,130799994	0,130199999	0,130799994	0,131699994	0,131300002	0,132200003	0,131500006	0,132499993	0,1329	0,132100001	0,132499993	0,132499993	0,133499995	0,1329	0,134100005	0,133900002	0,134000003	0,134599999	0,134399995	0,135000005	0,135299996	0,135100007	0,135700002	0,135600001	0,135299996	0,135000005	0,135399997	0,136500001	0,135399997	0,136800006	0,136600003	0,137700006	0,137400001	0,137799993	0,138099998	0,138500005	0,138400003	0,1382	0,139500007	0,1391	0,139500007	0,139300004	0,140200004	0,140100002	0,140499994	0,140799999	0,140900001	0,141399994	0,141399994	0,141499996	0,141499996	0,141800001	0,142299995	0,142900005	0,142199993	0,143099993	0,143600002	0,142700002	0,143700004	0,143999994	0,143600002	0,144299999	0,145300001	0,144099995	0,145099998	0,144600004	0,145999998	0,145699993	0,147	0,146400005	0,146400005	0,147300005	0,147100002	0,147699997	0,146799996	0,147699997	0,148399994	0,148499995	0,148399994	0,148800001	0,149399996	0,149100006	0,149599999	0,150800005	0,150299996	0,1505	0,150999993	0,151199996	0,151800007	0,152199998	0,152999997	0,153500006	0,152199998	0,153899997	0,153799996	0,153699994	0,153999999	0,154100001	0,154599994	0,154100001	0,155200005	0,155300006	0,155000001	0,1567	0,156599998	0,157100007	0,157100007	0,157299995	0,157499999	0,157100007	0,158500001	0,158399999	0,158500001	0,159099996	0,159400001	0,159400001	0,159199998	0,160300002	0,159899995	0,1602	0,160600007	0,160899997	0,160500005	0,159899995	0,160999998	0,162200004	0,162499994	0,162499994	0,161500007	0,162599996	0,162599996	0,163499996	0,163599998	0,163499996	0,164199993	0,163800001	0,163900003	0,164800003	0,163000003	0,164900005	0,164800003	0,164399996	0,165000007	0,164800003	0,166299999	0,165199995	0,165199995	0,165399998	0,165000007	0,166199997	0,165099993	0,165700004	0,166800007	0,166500002	0,165900007	0,167999998	0,166600004	0,167099997	0,167099997	0,167999998	0,167699993	0,167199999	0,166999996	0,167300001	0,167600006	0,167300001	0,167999998	0,168200001	0,168099999	0,168099999	0,166999996	0,168599993	0,168300003	0,169300005	0,168699995	0,167799994	0,168099999	0,168899998	0,167899996	0,168400005	0,168799996	0,167899996	0,167699993	0,167899996	0,169	0,167999998	0,168899998	0,167899996	0,169200003	0,168200001	0,168300003	0,169	0,169	0,167400002	0,167400002	0,168200001	0,168799996	0,167699993	0,167600006	0,167400002	0,169300005	0,168300003	0,167799994	0,166600004	0,168500006	0,165900007	0,166500002	0,166500002	0,167199999	0,166099995	0,166800007	0,166700006	0,166600004	0,166899994	0,165600002	0,1655	0,166099995	0,165900007	0,165800005	0,165000007	0,164299995	0,163200006	0,162799999	0,163299993	0,164499998	0,162300006	0,162900001	0,162900001	0,161799997	0,162100002	0,161500007	0,160699993	0,161400005	0,162	0,160099998	0,160600007
A8	0,112999998	0,109200001	0,110799998	0,1083	0,108000003	0,1087	0,110299997	0,1109	0,112499997	0,113399997	0,113399997	0,114600003	0,118500002	0,115099996	0,116499998	0,117299996	0,1184	0,1193	0,1206	0,121299997	0,1215	0,122599997	0,123499997	0,1241	0,129199997	0,127499998	0,125400007	0,126800001	0,126599997	0,129500002	0,129999995	0,128700003	0,128999993	0,128800005	0,129500002	0,131099999	0,129700005	0,131600007	0,133900002	0,135100007	0,132100001	0,131899998	0,131999999	0,131799996	0,132499993	0,133300006	0,135100007	0,133900002	0,133499995	0,135199994	0,136899993	0,136199996	0,134000003	0,137799993	0,136500001	0,134499997	0,135399997	0,135199994	0,135399997	0,1382	0,135399997	0,137999997	0,137500003	0,136399999	0,1373	0,137500003	0,135900006	0,138500005	0,136700004	0,139899999	0,137400001	0,137199998	0,137400001	0,1373	0,137999997	0,139400005	0,137600005	0,141399994	0,138999999	0,138699993	0,138999999	0,1391	0,138899997	0,139500007	0,139400005	0,1417	0,139400005	0,141800001	0,140900001	0,140200004	0,140100002	0,1426	0,142499998	0,140400007	0,141599998	0,144199997	0,143800005	0,1435	0,141299993	0,141800001	0,141499996	0,143000007	0,142100006	0,1426	0,144999996	0,142700002	0,143199995	0,143299997	0,144999996	0,142499998	0,143299997	0,143900007	0,143800005	0,143800005	0,145099998	0,146899998	0,144800007	0,143800005	0,143999994	0,147200003	0,146400005	0,144099995	0,144899994	0,145500004	0,144899994	0,145400003	0,147100002	0,145300001	0,144999996	0,145500004	0,146300003	0,146599993	0,146400005	0,146599993	0,147200003	0,148399994	0,146200001	0,146899998	0,147300005	0,147100002	0,147	0,147599995	0,150399998	0,147499993	0,148100004	0,148499995	0,149000004	0,148399994	0,149900004	0,151500002	0,149299994	0,149100006	0,152099997	0,149200007	0,1505	0,152799994	0,149900004	0,151299998	0,150199994	0,151500002	0,150800005	0,152600005	0,151099995	0,151500002	0,151500002	0,151600003	0,1514	0,151899993	0,155699998	0,153600007	0,152500004	0,153099999	0,155599996	0,152999997	0,152600005	0,151800007	0,154499993	0,154100001	0,153400004	0,1523	0,152899995	0,155499995	0,154400006	0,154300004	0,1567	0,154899999	0,158700004	0,155100003	0,154599994	0,156499997	0,155499995	0,157000005	0,155200005	0,158099994	0,158000007	0,158000007	0,157100007	0,156900004	0,158000007	0,157000005	0,157900006	0,158700004	0,157199994	0,1567	0,157000005	0,157499999	0,159299999	0,160400003	0,157299995	0,159099996	0,157399997	0,158800006	0,157299995	0,161599994	0,1602	0,159500003	0,158299997	0,158000007	0,157700002	0,158600003	0,158299997	0,157000005	0,157299995	0,157800004	0,156800002	0,158299997	0,157100007	0,156900004	0,157100007	0,157100007	0,1567	0,157399997	0,157499999	0,159400001	0,157700002	0,158099994	0,159799993	0,156900004	0,158700004	0,159899995	0,158099994	0,158999994	0,160400003	0,161899999	0,163499996	0,166099995	0,165999994	0,170000002	0,169200003	0,169599995	0,171399996	0,171499997	0,172399998	0,174999997	0,174600005	0,176400006	0,177499995	0,175699994	0,178900003	0,177599996	0,179700002	0,178599998	0,185000002	0,182099998	0,182500005	0,184900001	0,1831	0,182999998	0,184599996	0,183899999	0,187800005	0,184200004	0,185599998	0,184400007	0,184799999	0,188600004	0,186399996	0,189099997	0,186299995	0,185000002	0,190799996	0,187000006	0,192699999	0,187399998	0,190300003	0,188899994	0,188999996	0,188999996	0,1919	0,190099999	0,194199994	0,192399994	0,191100001	0,196199998	0,1919	0,194399998	0,193700001	0,193100005	0,191799998	0,194700003
A9	0,110100001	0,1074	0,106700003	0,106700003	0,106299996	0,1083	0,108599998	0,109800003	0,111699998	0,112800002	0,113300003	0,115699999	0,115999997	0,1175	0,119000003	0,120300002	0,120899998	0,121699996	0,122599997	0,1237	0,125100002	0,125799999	0,126900002	0,127200007	0,128299996	0,128600001	0,129199997	0,130099997	0,129999995	0,131799996	0,131999999	0,132100001	0,134200007	0,133000001	0,1338	0,133599997	0,1338	0,134599999	0,136500001	0,135299996	0,136500001	0,137199998	0,136000007	0,136800006	0,136999995	0,138099998	0,137999997	0,137899995	0,1382	0,137999997	0,1391	0,138600007	0,138799995	0,139400005	0,140100002	0,139799997	0,140400007	0,140400007	0,140699998	0,141800001	0,141200006	0,142700002	0,142800003	0,143199995	0,143099993	0,143199995	0,144099995	0,144500002	0,144199997	0,145899996	0,145500004	0,145400003	0,145300001	0,145300001	0,146500006	0,145699993	0,146200001	0,147599995	0,147	0,148000002	0,149000004	0,150000006	0,148699999	0,149399996	0,149000004	0,149499997	0,150299996	0,150099993	0,151700005	0,150800005	0,150399998	0,152700007	0,151700005	0,152099997	0,152199998	0,153899997	0,153400004	0,153600007	0,153500006	0,153600007	0,154499993	0,154200003	0,155699998	0,155699998	0,156200007	0,155300006	0,155900002	0,155699998	0,1567	0,1567	0,156599998	0,158299997	0,159600005	0,158600003	0,158000007	0,158999994	0,159799993	0,159199998	0,158800006	0,160099998	0,159799993	0,159899995	0,160099998	0,161300004	0,161799997	0,161200002	0,161400005	0,161699995	0,162200004	0,161200002	0,163299993	0,163399994	0,163100004	0,163399994	0,164700001	0,163299993	0,165199995	0,164900005	0,1646	0,164399996	0,164399996	0,165700004	0,165700004	0,165700004	0,166500002	0,166500002	0,167099997	0,168799996	0,168200001	0,168699995	0,167699993	0,169	0,1699	0,169100001	0,169799998	0,171599999	0,169599995	0,170900002	0,170599997	0,171599999	0,171800002	0,172000006	0,172800004	0,171900004	0,172700003	0,172900006	0,172700003	0,172900006	0,174400002	0,176100001	0,175699994	0,175400004	0,174700007	0,174999997	0,175500005	0,174700007	0,175899997	0,176799998	0,177100003	0,177000001	0,176799998	0,178399995	0,177000001	0,178599998	0,178299993	0,179199994	0,177699998	0,1787	0,179000005	0,180199996	0,180399999	0,179499999	0,179299995	0,181099996	0,181299999	0,181899995	0,182099998	0,180899993	0,182099998	0,181400001	0,182699993	0,182300001	0,182400003	0,183799997	0,1822	0,182400003	0,184699997	0,183200002	0,184100002	0,184	0,185299993	0,184300005	0,184	0,185499996	0,184100002	0,183899999	0,185499996	0,185100004	0,185699999	0,186299995	0,186800003	0,184499994	0,185200006	0,186000004	0,185800001	0,186399996	0,186100006	0,186800003	0,1866	0,187199995	0,1866	0,187999994	0,185900003	0,187999994	0,187600002	0,187099993	0,188299999	0,188299999	0,187199995	0,187600002	0,189199999	0,188800007	0,189600006	0,188500002	0,188899994	0,188899994	0,188500002	0,189500004	0,1884	0,187999994	0,1884	0,187999994	0,188999996	0,188700005	0,189099997	0,188899994	0,187999994	0,188600004	0,188600004	0,188600004	0,187399998	0,1884	0,186900005	0,188500002	0,188299999	0,186800003	0,187000006	0,186800003	0,1875	0,186499998	0,185499996	0,187000006	0,186700001	0,185100004	0,187099993	0,185299993	0,186000004	0,185699999	0,185299993	0,185800001	0,185499996	0,184400007	0,185599998	0,184699997	0,183799997	0,183300003	0,183200002	0,1831	0,183899999	0,183500007	0,183400005	0,183200002	0,182600006	0,182799995	0,183300003	0,182999998	0,181199998	0,182099998	0,181799993	0,180899993
A10	0,107299998	0,1052	0,104800001	0,104500003	0,104900002	0,105499998	0,105999999	0,107100002	0,108800001	0,1096	0,110600002	0,111500002	0,111900002	0,112899996	0,113899998	0,114500001	0,115400001	0,116300002	0,1171	0,116800003	0,117700003	0,118799999	0,119499996	0,119400002	0,119499996	0,120300002	0,120300002	0,120499998	0,121600002	0,121399999	0,121699996	0,122199997	0,122000001	0,122199997	0,122100003	0,122699998	0,1228	0,123099998	0,123099998	0,123599999	0,123599999	0,123599999	0,123499997	0,123899996	0,123499997	0,123999998	0,1241	0,124499999	0,124200001	0,124899998	0,125100002	0,124700002	0,124700002	0,125300005	0,124899998	0,125300005	0,125799999	0,126000002	0,126499996	0,126499996	0,126800001	0,127399996	0,127399996	0,127599999	0,127299994	0,128099993	0,127399996	0,128199995	0,128299996	0,128700003	0,128800005	0,128900006	0,129500002	0,129199997	0,129700005	0,1303	0,1294	0,129899994	0,130600005	0,131400004	0,131999999	0,131899998	0,131899998	0,131799996	0,132499993	0,133000001	0,132699996	0,133699998	0,1338	0,133399993	0,133200005	0,134299994	0,134499997	0,1347	0,135100007	0,135499999	0,135100007	0,135700002	0,135499999	0,136299998	0,136299998	0,136700004	0,137600005	0,137999997	0,137899995	0,137700006	0,138099998	0,138799995	0,138600007	0,139200002	0,139200002	0,139300004	0,140499994	0,140400007	0,141200006	0,141100004	0,141599998	0,142100006	0,141599998	0,142000005	0,1426	0,1426	0,143099993	0,143800005	0,144199997	0,1435	0,145300001	0,144199997	0,144700006	0,145199999	0,145600006	0,145699993	0,146200001	0,146400005	0,146599993	0,147300005	0,147499993	0,148000002	0,148100004	0,149000004	0,149399996	0,149800003	0,149900004	0,1505	0,150999993	0,150900006	0,151800007	0,152500004	0,152999997	0,153300002	0,153500006	0,154400006	0,153999999	0,154899999	0,156100005	0,1558	0,156399995	0,157000005	0,156599998	0,157199994	0,157800004	0,157499999	0,158600003	0,159500003	0,159999996	0,160300002	0,160500005	0,161400005	0,162300006	0,162300006	0,162799999	0,164499998	0,164499998	0,165199995	0,165700004	0,165999994	0,166500002	0,167999998	0,168799996	0,170000002	0,169200003	0,170300007	0,170599997	0,172199994	0,171800002	0,173099995	0,173800007	0,174899995	0,175699994	0,176499993	0,177100003	0,1778	0,179299995	0,180700004	0,180000007	0,180099994	0,181299999	0,1831	0,183699995	0,184400007	0,184900001	0,186499998	0,187199995	0,1875	0,190300003	0,189700007	0,191	0,191100001	0,192499995	0,193599999	0,195700005	0,198699996	0,201700002	0,205400005	0,206300005	0,209099993	0,210800007	0,211500004	0,213	0,216000006	0,216999993	0,219400004	0,219600007	0,221200004	0,222499996	0,222900003	0,224000007	0,227300003	0,226899996	0,228	0,229200006	0,231700003	0,231399998	0,232199997	0,235100001	0,235100001	0,235400006	0,236300007	0,237900004	0,238900006	0,240199998	0,240400001	0,241999999	0,2421	0,245199993	0,243699998	0,245700002	0,2465	0,249300003	0,248799995	0,249799997	0,251399994	0,253300011	0,253899992	0,253300011	0,257600009	0,257999986	0,257999986	0,2579	0,259799987	0,260800004	0,261200011	0,262899995	0,263700008	0,264499992	0,265599996	0,266299993	0,268299997	0,268900007	0,269600004	0,270300001	0,271699995	0,274399996	0,273400009	0,274399996	0,274399996	0,27790001	0,279100001	0,278499991	0,280099988	0,282499999	0,281899989	0,282400012	0,285699993	0,285299987	0,284700006	0,28490001	0,284399986	0,283800006	0,28549999	0,284200013	0,284399986	0,285400003	0,287	0,286000013	0,282999992	0,285299987	0,28580001	0,283800006	0,287600011
A11	0,112199999	0,109300002	0,107900001	0,107600003	0,107600003	0,108999997	0,1087	0,110699996	0,112199999	0,112199999	0,113300003	0,114699997	0,115999997	0,116700001	0,117700003	0,117399998	0,1193	0,119400002	0,119800001	0,121299997	0,122299999	0,123199999	0,1237	0,124200001	0,124600001	0,125499994	0,126399994	0,127200007	0,127299994	0,128299996	0,128299996	0,129099995	0,128999993	0,1294	0,129800007	0,130400002	0,131099999	0,130899996	0,131099999	0,131300002	0,131500006	0,131799996	0,132200003	0,132400006	0,133100003	0,134299994	0,134000003	0,134499997	0,135000005	0,134499997	0,135199994	0,135600001	0,135600001	0,136899993	0,136899993	0,137199998	0,136899993	0,136999995	0,138300002	0,138899997	0,1391	0,139599994	0,140000001	0,140300006	0,140599996	0,141000003	0,141299993	0,141000003	0,141599998	0,142700002	0,142499998	0,143199995	0,1435	0,143600002	0,144400001	0,144400001	0,145500004	0,145799994	0,146500006	0,146799996	0,147699997	0,148499995	0,148200005	0,148300007	0,149599999	0,149900004	0,150199994	0,149700001	0,151800007	0,151199996	0,151800007	0,153200001	0,153799996	0,153999999	0,153899997	0,154400006	0,154599994	0,1558	0,155000001	0,156399995	0,157199994	0,157299995	0,158199996	0,158299997	0,159799993	0,159099996	0,159099996	0,161200002	0,160999998	0,161899999	0,162599996	0,162799999	0,162599996	0,163200006	0,163299993	0,164499998	0,165399998	0,165900007	0,165800005	0,167600006	0,168599993	0,167899996	0,168699995	0,169599995	0,169799998	0,170000002	0,1708	0,171399996	0,172000006	0,171900004	0,1743	0,173299998	0,173999995	0,175500005	0,176200002	0,176300004	0,176100001	0,178200006	0,179000005	0,177699998	0,180500001	0,180199996	0,180700004	0,180399999	0,182400003	0,182400003	0,183500007	0,185100004	0,183799997	0,185599998	0,1866	0,186900005	0,187999994	0,1884	0,190099999	0,190300003	0,191100001	0,192300007	0,193000004	0,193399996	0,194299996	0,194900006	0,195500001	0,196999997	0,197500005	0,198400006	0,198400006	0,200599998	0,201900005	0,202800006	0,204400003	0,204400003	0,206699997	0,206900001	0,208299994	0,209299996	0,211899996	0,213300005	0,214399993	0,216000006	0,216999993	0,219400004	0,221000001	0,222399995	0,224900007	0,225500003	0,2271	0,228300005	0,230000004	0,233199999	0,233999997	0,234599993	0,235799998	0,238499999	0,239700004	0,240899995	0,241699994	0,243499994	0,244100004	0,244499996	0,246099994	0,247199997	0,248199999	0,249799997	0,249599993	0,25150001	0,252499998	0,253600001	0,255199999	0,257099986	0,256700009	0,259900004	0,259200007	0,261700004	0,260399997	0,262499988	0,263099998	0,264200002	0,267800003	0,26699999	0,267800003	0,269600004	0,271600008	0,271100014	0,273499995	0,272300005	0,27579999	0,27610001	0,27759999	0,279700011	0,278699994	0,281599998	0,280699998	0,282700002	0,283399999	0,28490001	0,286300004	0,286799997	0,286799997	0,287800014	0,290800005	0,290199995	0,291700006	0,292699993	0,29519999	0,294200003	0,294999987	0,296600014	0,298000008	0,296600014	0,297600001	0,299600005	0,300300002	0,299100012	0,298999995	0,298799992	0,297399998	0,298200011	0,299299985	0,298900008	0,300500005	0,300799996	0,297600001	0,301099986	0,298799992	0,299600005	0,298700005	0,297600001	0,299600005	0,298200011	0,299400002	0,297699988	0,300099999	0,298900008	0,299100012	0,299400002	0,300500005	0,298299998	0,300900012	0,300199986	0,301099986	0,298999995	0,300999999	0,300599992	0,300399989	0,300900012	0,301200002	0,303799987	0,300900012	0,30219999	0,302100003	0,30250001	0,300700009	0,30340001	0,30250001	0,30430001	0,3028	0,303900003	0,301200002	0,303900003
A12	0,112099998	0,108999997	0,108099997	0,1074	0,107299998	0,107699998	0,1083	0,109999999	0,110399999	0,112099998	0,117399998	0,113799997	0,115800001	0,115199998	0,116499998	0,118000001	0,118900001	0,1197	0,120899998	0,1215	0,122000001	0,123300001	0,124300003	0,125400007	0,125400007	0,125599995	0,126499996	0,128199995	0,127800003	0,128900006	0,128900006	0,128999993	0,129999995	0,130500004	0,129600003	0,131400004	0,131400004	0,131099999	0,132400006	0,133100003	0,132200003	0,133699998	0,1338	0,133599997	0,1338	0,134599999	0,134800002	0,135299996	0,135700002	0,136099994	0,136299998	0,137099996	0,136000007	0,136399999	0,136999995	0,137099996	0,136999995	0,137799993	0,137799993	0,138500005	0,138500005	0,139500007	0,139799997	0,140900001	0,139699996	0,140100002	0,140799999	0,140900001	0,141200006	0,142100006	0,142399997	0,1426	0,142900005	0,143099993	0,143600002	0,143900007	0,143800005	0,144700006	0,145699993	0,145300001	0,145699993	0,146500006	0,145799994	0,147499993	0,147599995	0,147400007	0,147400007	0,148499995	0,149000004	0,148100004	0,148599997	0,149599999	0,148599997	0,150000006	0,150600001	0,1514	0,151299998	0,151700005	0,151800007	0,152899995	0,1523	0,152400002	0,153799996	0,153400004	0,154699996	0,153600007	0,154499993	0,154799998	0,155100003	0,156299993	0,1558	0,155599996	0,156800002	0,157199994	0,157900006	0,157600001	0,157700002	0,158500001	0,157800004	0,157600001	0,159199998	0,158700004	0,159600005	0,1602	0,160600007	0,159999996	0,160699993	0,160999998	0,161300004	0,162	0,162100002	0,162300006	0,162599996	0,162699997	0,163599998	0,163000003	0,165000007	0,164399996	0,1646	0,164399996	0,164800003	0,164800003	0,165199995	0,165999994	0,165999994	0,166500002	0,168400005	0,169100001	0,169	0,170300007	0,169200003	0,169599995	0,1699	0,170100003	0,171700001	0,172099993	0,171000004	0,172199994	0,173199996	0,173299998	0,173500001	0,174700007	0,174400002	0,175400004	0,177100003	0,176799998	0,176799998	0,177599996	0,177900001	0,178800002	0,178599998	0,1796	0,179900005	0,180099994	0,180500001	0,181799993	0,181600004	0,181199998	0,1831	0,183500007	0,182799995	0,184499994	0,184499994	0,185200006	0,185900003	0,187700003	0,187600002	0,187700003	0,187999994	0,189600006	0,187999994	0,189500004	0,190200001	0,190099999	0,190400004	0,190899998	0,192900002	0,192100003	0,194199994	0,194100007	0,194600001	0,195199996	0,195299998	0,197099999	0,197400004	0,197899997	0,198599994	0,198400006	0,199900001	0,200800002	0,202199996	0,204400003	0,204799995	0,204899997	0,206499994	0,206599995	0,207800001	0,207499996	0,209299996	0,210999995	0,211899996	0,212200001	0,214699998	0,214200005	0,214300007	0,214699998	0,216100007	0,216800004	0,216499999	0,218500003	0,218400002	0,220200002	0,221300006	0,221300006	0,222499996	0,221699998	0,222499996	0,223399997	0,221799999	0,223700002	0,225199997	0,225299999	0,224800006	0,225199997	0,225299999	0,226699993	0,225400001	0,227300003	0,227300003	0,227599993	0,229300007	0,228400007	0,2315	0,2315	0,229699999	0,231000006	0,231999993	0,231900007	0,232600003	0,233600006	0,233500004	0,233700007	0,234099999	0,233500004	0,237499997	0,235100001	0,234200001	0,235400006	0,237800002	0,236699998	0,236200005	0,237599999	0,237200007	0,236399993	0,239899993	0,236399993	0,239500001	0,240600005	0,238499999	0,239199996	0,241600007	0,239099994	0,243300006	0,240600005	0,238900006	0,234799996	0,236000001	0,233400002	0,234899998	0,232099995	0,236900002	0,237100005	0,232899994	0,234400004	0,234400004	0,232800007	0,234699994	0,233600006	0,229499996	0,233099997
B1	0,128800005	0,129299998	0,119800001	0,113499999	0,110399999	0,109399997	0,109399997	0,109999999	0,109800003	0,110200003	0,111299999	0,1109	0,111000001	0,111500002	0,111000001	0,111100003	0,111100003	0,111500002	0,111100003	0,1109	0,111299999	0,1109	0,110699996	0,111199997	0,111199997	0,1109	0,111000001	0,1109	0,111100003	0,1109	0,111000001	0,111000001	0,1109	0,111100003	0,110699996	0,111000001	0,110799998	0,111400001	0,110699996	0,110600002	0,110699996	0,111199997	0,1105	0,1105	0,110299997	0,1105	0,110399999	0,1105	0,110100001	0,110299997	0,110299997	0,110200003	0,110200003	0,110299997	0,1105	0,110299997	0,110200003	0,110399999	0,1105	0,110299997	0,110200003	0,110699996	0,110200003	0,110200003	0,110399999	0,110299997	0,110299997	0,1105	0,109899998	0,110100001	0,110299997	0,109999999	0,1105	0,109999999	0,110100001	0,109999999	0,109999999	0,110200003	0,1105	0,110200003	0,109999999	0,110200003	0,110299997	0,110299997	0,110200003	0,110200003	0,110299997	0,109999999	0,110200003	0,110299997	0,110399999	0,110100001	0,1105	0,110200003	0,110399999	0,110699996	0,110600002	0,111100003	0,110399999	0,110699996	0,110699996	0,111199997	0,110600002	0,110699996	0,110699996	0,110699996	0,1105	0,110699996	0,110799998	0,110699996	0,110799998	0,1109	0,1109	0,1109	0,111299999	0,111299999	0,111299999	0,111400001	0,111500002	0,111900002	0,111599997	0,111599997	0,112099998	0,112199999	0,112300001	0,112499997	0,1127	0,112800002	0,1131	0,113499999	0,113899998	0,113600001	0,114200003	0,114399999	0,114500001	0,115000002	0,115500003	0,115800001	0,116099998	0,116300002	0,116800003	0,117299996	0,117700003	0,117799997	0,118299998	0,1184	0,119000003	0,1193	0,1197	0,119900003	0,120300002	0,120800003	0,120899998	0,1215	0,1219	0,122599997	0,1228	0,123400003	0,123899996	0,124399997	0,124600001	0,125200003	0,125699997	0,126100004	0,126599997	0,127100006	0,127700001	0,128399998	0,128999993	0,129899994	0,130500004	0,130899996	0,131699994	0,131999999	0,133000001	0,133599997	0,134499997	0,135199994	0,136000007	0,136800006	0,137500003	0,137700006	0,138400003	0,137400001	0,137099996	0,1373	0,136899993	0,136899993	0,136700004	0,136999995	0,136700004	0,136700004	0,136999995	0,136700004	0,136399999	0,1373	0,136299998	0,136199996	0,136099994	0,136000007	0,136099994	0,136000007	0,135900006	0,136000007	0,135800004	0,135700002	0,135800004	0,135700002	0,135800004	0,135800004	0,135600001	0,135499999	0,135299996	0,135299996	0,135100007	0,135299996	0,135299996	0,135299996	0,135299996	0,135199994	0,135800004	0,134900004	0,135499999	0,135299996	0,135100007	0,135100007	0,134800002	0,134900004	0,135000005	0,134900004	0,1347	0,1347	0,134599999	0,134499997	0,134800002	0,1347	0,135199994	0,134599999	0,134399995	0,134499997	0,1347	0,134599999	0,1347	0,135000005	0,134800002	0,1347	0,135000005	0,134800002	0,134800002	0,1347	0,134299994	0,134399995	0,134499997	0,134599999	0,134200007	0,134000003	0,134299994	0,134000003	0,134200007	0,133900002	0,133499995	0,133399993	0,1329	0,133100003	0,133300006	0,1329	0,132599995	0,132799998	0,133000001	0,132499993	0,132100001	0,132100001	0,132499993	0,131999999	0,131999999	0,132100001	0,132400006	0,132100001	0,132100001	0,131899998	0,131899998	0,131999999	0,131600007	0,131799996	0,131600007	0,131600007	0,131500006	0,131500006	0,131300002	0,131300002	0,131300002	0,130999997	0,131300002	0,131099999	0,130799994	0,130700007	0,130799994	0,130999997	0,130899996	0,131099999
B2	0,1149	0,114600003	0,115400001	0,113499999	0,113200001	0,113799997	0,114100002	0,114399999	0,116300002	0,117299996	0,117200002	0,117700003	0,118500002	0,119400002	0,1193	0,119499996	0,119499996	0,119900003	0,120300002	0,120499998	0,1206	0,120999999	0,121100001	0,121299997	0,1215	0,121299997	0,1215	0,122000001	0,122000001	0,122199997	0,122299999	0,122400001	0,122299999	0,1228	0,122599997	0,123000003	0,122900002	0,123000003	0,122900002	0,123000003	0,123300001	0,123499997	0,123300001	0,123400003	0,123300001	0,123800002	0,123400003	0,123899996	0,123400003	0,123400003	0,1237	0,123899996	0,1237	0,123800002	0,1241	0,123800002	0,123999998	0,1241	0,1241	0,1241	0,124300003	0,124399997	0,124499999	0,124600001	0,124399997	0,124499999	0,124700002	0,124700002	0,125	0,125200003	0,125200003	0,124899998	0,125300005	0,125100002	0,125100002	0,125100002	0,125499994	0,125400007	0,125400007	0,125699997	0,125699997	0,1259	0,125799999	0,126000002	0,125699997	0,1259	0,1259	0,126300007	0,126300007	0,126100004	0,126399994	0,126300007	0,126699999	0,126699999	0,126699999	0,126499996	0,126699999	0,126699999	0,126699999	0,126800001	0,126499996	0,126499996	0,126399994	0,126399994	0,126900002	0,126499996	0,126499996	0,126399994	0,126699999	0,126599997	0,126499996	0,126499996	0,126699999	0,126699999	0,126800001	0,126499996	0,126900002	0,126900002	0,126699999	0,126800001	0,126699999	0,126699999	0,126900002	0,126800001	0,126800001	0,126699999	0,127000004	0,127000004	0,126900002	0,126900002	0,127200007	0,127000004	0,127100006	0,127299994	0,127299994	0,127299994	0,127599999	0,127399996	0,127700001	0,127599999	0,127800003	0,127900004	0,127800003	0,128000006	0,128099993	0,128399998	0,128299996	0,1285	0,1285	0,128600001	0,128399998	0,128800005	0,128900006	0,128999993	0,1294	0,129899994	0,129600003	0,129800007	0,130099997	0,1303	0,130600005	0,130899996	0,131200001	0,131600007	0,131899998	0,132599995	0,132699996	0,133000001	0,133599997	0,134100005	0,135000005	0,1347	0,134399995	0,134299994	0,134399995	0,134399995	0,134299994	0,134200007	0,134299994	0,134200007	0,134000003	0,134000003	0,133900002	0,133499995	0,133499995	0,133300006	0,133300006	0,133300006	0,133100003	0,133100003	0,1329	0,133000001	0,133000001	0,132699996	0,132499993	0,132799998	0,132200003	0,132100001	0,131699994	0,131600007	0,131999999	0,131600007	0,131300002	0,130999997	0,131099999	0,131300002	0,130999997	0,130999997	0,130600005	0,1303	0,130199999	0,129999995	0,129999995	0,129600003	0,129199997	0,129299998	0,1294	0,128999993	0,128600001	0,128199995	0,128299996	0,127900004	0,128099993	0,128000006	0,127800003	0,127700001	0,127499998	0,127599999	0,127499998	0,127200007	0,126900002	0,126900002	0,126599997	0,126399994	0,126300007	0,126100004	0,1259	0,1259	0,126300007	0,126000002	0,125799999	0,125699997	0,125200003	0,124899998	0,124799997	0,124300003	0,124600001	0,124499999	0,124200001	0,124200001	0,123400003	0,1237	0,123400003	0,123099998	0,1228	0,1228	0,1228	0,122400001	0,122199997	0,122299999	0,122000001	0,122100003	0,122100003	0,121699996	0,121600002	0,121200003	0,121100001	0,121200003	0,120899998	0,1206	0,120499998	0,119999997	0,120099999	0,119999997	0,119800001	0,119800001	0,120200001	0,119800001	0,1197	0,119499996	0,1193	0,118900001	0,119099997	0,118699998	0,118100002	0,1184	0,118600003	0,118199997	0,118199997	0,118199997	0,117600001	0,1175	0,1171	0,117700003	0,1171	0,117399998	0,1175	0,1175	0,116800003	0,116899997
B3	0,112099998	0,106700003	0,104999997	0,104400001	0,104500003	0,1052	0,105999999	0,1065	0,107500002	0,107699998	0,1087	0,109800003	0,110399999	0,1109	0,111000001	0,111100003	0,111500002	0,112199999	0,111900002	0,1127	0,112800002	0,112899996	0,112599999	0,113200001	0,113300003	0,113200001	0,113499999	0,113600001	0,113600001	0,113899998	0,114	0,113499999	0,113300003	0,114100002	0,113899998	0,113899998	0,113600001	0,113700002	0,112800002	0,113200001	0,113399997	0,113499999	0,113300003	0,113600001	0,1131	0,113300003	0,1131	0,113399997	0,113499999	0,113200001	0,113300003	0,113499999	0,114299998	0,113700002	0,113700002	0,113399997	0,113499999	0,114100002	0,113799997	0,113899998	0,114799999	0,114100002	0,114299998	0,114100002	0,114299998	0,114	0,114399999	0,114799999	0,114799999	0,114799999	0,114699997	0,114600003	0,115099996	0,115400001	0,115099996	0,115000002	0,115800001	0,115500003	0,115500003	0,115400001	0,115999997	0,116300002	0,116400003	0,116099998	0,116099998	0,116700001	0,116599999	0,116400003	0,117299996	0,116700001	0,1171	0,116800003	0,117700003	0,1171	0,117200002	0,1175	0,1171	0,1175	0,117299996	0,117299996	0,117399998	0,118199997	0,117899999	0,117899999	0,118699998	0,117899999	0,119000003	0,118500002	0,118799999	0,118699998	0,118299998	0,118299998	0,118799999	0,119400002	0,118500002	0,118500002	0,118500002	0,118600003	0,1184	0,119000003	0,119199999	0,118299998	0,118799999	0,118199997	0,117600001	0,116999999	0,116800003	0,115699999	0,115400001	0,114100002	0,113200001	0,112300001	0,111199997	0,109899998	0,108900003	0,107699998	0,107199997	0,106299996	0,105300002	0,104599997	0,104000002	0,103500001	0,103299998	0,102700002	0,102300003	0,101800002	0,1017	0,101999998	0,101599999	0,101800002	0,101599999	0,1017	0,1017	0,1021	0,1021	0,101999998	0,1017	0,101499997	0,101400003	0,101599999	0,101400003	0,101400003	0,101099998	0,101300001	0,100900002	0,101000004	0,101300001	0,101400003	0,101400003	0,101199999	0,101300001	0,101199999	0,101300001	0,100900002	0,101199999	0,101000004	0,101000004	0,101000004	0,101199999	0,101099998	0,1008	0,100699998	0,100900002	0,100900002	0,100699998	0,101199999	0,100599997	0,100699998	0,100699998	0,100500003	0,100599997	0,100500003	0,100599997	0,100500003	0,100400001	0,100400001	0,100500003	0,100699998	0,100500003	0,100699998	0,100699998	0,100400001	0,100299999	0,100199997	0,100299999	0,100299999	0,100599997	0,100400001	0,100699998	0,100500003	0,100500003	0,100699998	0,100299999	0,101000004	0,100599997	0,100699998	0,100400001	0,100599997	0,100500003	0,100599997	0,100599997	0,100599997	0,1008	0,100599997	0,100699998	0,100500003	0,100699998	0,100599997	0,1008	0,100699998	0,1008	0,101000004	0,100500003	0,100900002	0,1008	0,100400001	0,100599997	0,100500003	0,100599997	0,100699998	0,100599997	0,100400001	0,100599997	0,100699998	0,100599997	0,100599997	0,100299999	0,100400001	0,100400001	0,100100003	0,100400001	0,100299999	0,100500003	0,100100003	0,099799998	0,100100003	0,100500003	0,100199997	0,100199997	0,0999	0,100000001	0,100199997	0,100599997	0,099799998	0,100100003	0,100299999	0,100000001	0,100000001	0,0999	0,100100003	0,0999	0,100000001	0,0999	0,100000001	0,099600002	0,0999	0,099299997	0,099699996	0,099799998	0,100000001	0,099699996	0,099600002	0,0999	0,0999	0,100000001	0,100100003	0,100299999	0,0999	0,100400001	0,100400001	0,100599997	0,100400001	0,100599997	0,100599997	0,100599997	0,100900002	0,1008	0,100699998	0,100900002	0,101300001
B4	0,122299999	0,107199997	0,104900002	0,104599997	0,105999999	0,107199997	0,108599998	0,107000001	0,107799999	0,107900001	0,108499996	0,109300002	0,110799998	0,111400001	0,1127	0,113899998	0,113499999	0,113899998	0,114799999	0,115500003	0,115400001	0,1153	0,115500003	0,115800001	0,116599999	0,116800003	0,116899997	0,117399998	0,1175	0,118299998	0,118000001	0,118299998	0,118000001	0,118600003	0,118199997	0,118100002	0,1184	0,1184	0,118600003	0,119199999	0,119099997	0,118900001	0,118699998	0,118500002	0,1184	0,118699998	0,118500002	0,118500002	0,118500002	0,118600003	0,118799999	0,119400002	0,119099997	0,118799999	0,119199999	0,118900001	0,119599998	0,119499996	0,1197	0,119999997	0,120099999	0,120399997	0,120700002	0,120499998	0,120800003	0,120700002	0,120399997	0,120899998	0,1206	0,121200003	0,120800003	0,120999999	0,121299997	0,121399999	0,1219	0,121399999	0,121799998	0,122299999	0,122900002	0,122299999	0,122599997	0,123000003	0,1228	0,123400003	0,123800002	0,123400003	0,123599999	0,124200001	0,124399997	0,123800002	0,124300003	0,1241	0,124600001	0,124799997	0,125	0,125699997	0,125699997	0,125300005	0,125599995	0,126100004	0,125400007	0,126599997	0,126000002	0,126599997	0,126800001	0,126699999	0,127100006	0,127599999	0,127399996	0,126900002	0,127100006	0,127800003	0,128000006	0,128299996	0,128399998	0,128700003	0,128600001	0,128700003	0,128700003	0,129099995	0,129099995	0,129199997	0,129099995	0,128999993	0,129299998	0,128900006	0,129700005	0,130099997	0,130199999	0,130099997	0,129700005	0,130199999	0,130400002	0,130799994	0,130799994	0,131200001	0,131300002	0,131400004	0,131500006	0,131699994	0,131300002	0,132300004	0,132100001	0,132599995	0,132499993	0,133100003	0,132200003	0,133399993	0,132400006	0,133200005	0,133200005	0,1338	0,133300006	0,133699998	0,134900004	0,134000003	0,134499997	0,134000003	0,134800002	0,134499997	0,134800002	0,134599999	0,135299996	0,136099994	0,1347	0,135000005	0,135299996	0,135299996	0,135399997	0,135600001	0,136199996	0,135100007	0,135499999	0,135299996	0,135800004	0,135499999	0,135499999	0,135499999	0,135900006	0,136500001	0,136000007	0,136600003	0,136399999	0,136700004	0,135800004	0,136299998	0,135700002	0,136800006	0,136000007	0,136199996	0,136299998	0,135600001	0,135600001	0,136299998	0,136099994	0,136000007	0,136600003	0,136299998	0,135900006	0,136299998	0,136700004	0,135299996	0,135700002	0,136299998	0,135399997	0,135600001	0,135600001	0,135299996	0,135700002	0,135399997	0,135700002	0,135399997	0,135000005	0,135199994	0,135100007	0,135600001	0,135700002	0,135100007	0,135600001	0,134399995	0,134299994	0,135000005	0,134800002	0,134200007	0,135000005	0,135100007	0,1347	0,136099994	0,135100007	0,135700002	0,136099994	0,135299996	0,136000007	0,135499999	0,135600001	0,135299996	0,135399997	0,135800004	0,135399997	0,136099994	0,135800004	0,136199996	0,136000007	0,135900006	0,136399999	0,136700004	0,137700006	0,136700004	0,137899995	0,137700006	0,1382	0,138799995	0,138699993	0,139400005	0,138899997	0,139799997	0,140300006	0,139599994	0,140100002	0,140200004	0,140799999	0,140200004	0,141299993	0,141000003	0,140900001	0,140400007	0,140799999	0,141499996	0,141299993	0,141900003	0,140599996	0,141800001	0,142000005	0,141599998	0,142199993	0,141299993	0,141399994	0,1417	0,1417	0,141299993	0,142199993	0,142100006	0,141900003	0,141900003	0,142700002	0,140400007	0,140900001	0,141499996	0,141399994	0,141599998	0,141299993	0,140799999	0,141000003	0,140900001	0,140699998	0,140200004	0,140599996	0,140300006	0,140300006	0,140499994
B5	0,115199998	0,103399999	0,1008	0,1052	0,101499997	0,101899996	0,1017	0,102899998	0,105599999	0,105099998	0,105099998	0,105400003	0,105899997	0,106600001	0,107500002	0,1074	0,1083	0,108400002	0,108800001	0,109300002	0,109499998	0,109999999	0,109700002	0,110399999	0,1105	0,110399999	0,110699996	0,111100003	0,111100003	0,1118	0,112199999	0,111599997	0,1118	0,112099998	0,112599999	0,112199999	0,112599999	0,112499997	0,112800002	0,112400003	0,1131	0,1131	0,112999998	0,112800002	0,112599999	0,1131	0,113300003	0,1131	0,112800002	0,113200001	0,113300003	0,113600001	0,114100002	0,114200003	0,114299998	0,114100002	0,113799997	0,114299998	0,114699997	0,115000002	0,115099996	0,115199998	0,115599997	0,115099996	0,115099996	0,1153	0,115099996	0,115500003	0,115199998	0,115900002	0,115699999	0,116400003	0,116099998	0,116300002	0,116499998	0,116499998	0,116499998	0,116800003	0,116599999	0,116800003	0,117299996	0,117600001	0,117700003	0,118100002	0,117799997	0,118100002	0,118100002	0,118100002	0,118600003	0,118199997	0,118699998	0,118799999	0,119000003	0,119199999	0,118799999	0,1193	0,119199999	0,119800001	0,1197	0,119999997	0,119800001	0,120300002	0,120499998	0,1206	0,120800003	0,121200003	0,121100001	0,121200003	0,121600002	0,1215	0,121699996	0,122199997	0,122100003	0,1219	0,1228	0,122699998	0,1228	0,122900002	0,123199999	0,122900002	0,123099998	0,123199999	0,123599999	0,123300001	0,123300001	0,123300001	0,123899996	0,123999998	0,123599999	0,123999998	0,124399997	0,124399997	0,125100002	0,124600001	0,124600001	0,125	0,125599995	0,125300005	0,125499994	0,125499994	0,125499994	0,126100004	0,125599995	0,126599997	0,126300007	0,126100004	0,126800001	0,126800001	0,126900002	0,127200007	0,127100006	0,127100006	0,127299994	0,127599999	0,127900004	0,127599999	0,127700001	0,128399998	0,128199995	0,127599999	0,1285	0,1285	0,128800005	0,128600001	0,1285	0,129700005	0,128700003	0,129800007	0,129700005	0,128999993	0,130799994	0,130500004	0,130099997	0,130099997	0,130099997	0,130099997	0,130999997	0,130799994	0,130700007	0,130999997	0,1303	0,130899996	0,131699994	0,131899998	0,131999999	0,131799996	0,131600007	0,131600007	0,132300004	0,132200003	0,131600007	0,131899998	0,131899998	0,132699996	0,132400006	0,133000001	0,133000001	0,132200003	0,1329	0,132799998	0,1338	0,133200005	0,133399993	0,133699998	0,132799998	0,133900002	0,133100003	0,1329	0,133599997	0,133300006	0,133200005	0,133100003	0,133100003	0,133300006	0,133100003	0,133399993	0,133300006	0,1329	0,133100003	0,132400006	0,133200005	0,133200005	0,132699996	0,133399993	0,132799998	0,1329	0,133100003	0,1329	0,132799998	0,132499993	0,133200005	0,132499993	0,132599995	0,133499995	0,1329	0,132400006	0,132400006	0,133000001	0,132499993	0,132300004	0,132400006	0,131699994	0,131500006	0,130999997	0,131600007	0,131500006	0,131699994	0,131899998	0,131699994	0,130099997	0,130700007	0,130700007	0,130799994	0,131300002	0,131799996	0,131799996	0,133599997	0,133499995	0,134599999	0,135399997	0,135600001	0,136199996	0,137500003	0,137600005	0,138300002	0,137600005	0,138400003	0,139400005	0,139799997	0,140400007	0,140599996	0,140400007	0,141100004	0,140699998	0,141499996	0,141299993	0,142000005	0,1417	0,142499998	0,142499998	0,143000007	0,1435	0,143199995	0,143600002	0,143199995	0,143099993	0,143000007	0,144400001	0,144199997	0,144400001	0,144800007	0,144500002	0,144400001	0,144800007	0,144400001	0,144400001	0,144800007	0,144800007	0,145099998	0,145099998
B6	0,125300005	0,114399999	0,106299996	0,109499998	0,106200002	0,115800001	0,107199997	0,112300001	0,107799999	0,108800001	0,1109	0,115000002	0,111000001	0,113499999	0,1149	0,113399997	0,114299998	0,115500003	0,116599999	0,117200002	0,118299998	0,118900001	0,118699998	0,1193	0,119999997	0,119999997	0,119099997	0,119000003	0,119099997	0,119999997	0,119999997	0,119599998	0,119999997	0,119599998	0,120300002	0,119900003	0,1197	0,119999997	0,119999997	0,120899998	0,119999997	0,120300002	0,120499998	0,120200001	0,120099999	0,121100001	0,120300002	0,120399997	0,120399997	0,120399997	0,120800003	0,1206	0,120399997	0,120300002	0,120399997	0,119999997	0,120300002	0,120099999	0,120200001	0,120499998	0,120300002	0,120700002	0,120700002	0,1206	0,120800003	0,1206	0,121299997	0,120099999	0,121399999	0,120099999	0,120499998	0,120399997	0,120399997	0,119999997	0,120700002	0,120200001	0,120499998	0,120700002	0,120800003	0,120700002	0,120300002	0,120999999	0,120899998	0,121299997	0,120700002	0,120899998	0,120800003	0,121299997	0,120800003	0,120899998	0,1206	0,120999999	0,1215	0,1215	0,120999999	0,121100001	0,120800003	0,120999999	0,120999999	0,120999999	0,120999999	0,120999999	0,120999999	0,120899998	0,120999999	0,120800003	0,120899998	0,121200003	0,121600002	0,120899998	0,120499998	0,1206	0,120300002	0,121200003	0,1215	0,120800003	0,1215	0,121399999	0,120899998	0,120099999	0,121100001	0,1206	0,120499998	0,120399997	0,120700002	0,120099999	0,120499998	0,120399997	0,120200001	0,120200001	0,120499998	0,119599998	0,1206	0,120700002	0,120099999	0,119900003	0,120999999	0,119999997	0,120899998	0,119599998	0,120099999	0,120200001	0,120300002	0,120700002	0,119900003	0,119800001	0,120200001	0,120200001	0,119800001	0,120099999	0,119800001	0,119800001	0,119900003	0,119800001	0,120099999	0,120700002	0,1197	0,119599998	0,120399997	0,119400002	0,119999997	0,120200001	0,119499996	0,119400002	0,119800001	0,119499996	0,119999997	0,119800001	0,118900001	0,119400002	0,1197	0,119000003	0,119499996	0,119400002	0,119900003	0,119199999	0,119400002	0,119400002	0,1193	0,119599998	0,118600003	0,119400002	0,119400002	0,119199999	0,118799999	0,118699998	0,117600001	0,118699998	0,118500002	0,118199997	0,118500002	0,118299998	0,118000001	0,118100002	0,117299996	0,1184	0,118199997	0,1184	0,117399998	0,117200002	0,117700003	0,116800003	0,116800003	0,115699999	0,115999997	0,115999997	0,116300002	0,115999997	0,116800003	0,115699999	0,115999997	0,115800001	0,1153	0,115599997	0,115999997	0,115599997	0,115400001	0,115699999	0,115699999	0,115000002	0,115199998	0,115099996	0,115199998	0,115099996	0,114799999	0,114600003	0,114	0,114399999	0,114200003	0,114	0,113700002	0,113799997	0,113300003	0,113799997	0,113200001	0,113300003	0,112999998	0,1127	0,1131	0,112800002	0,112400003	0,111900002	0,111699998	0,111599997	0,111199997	0,111500002	0,111199997	0,111100003	0,110699996	0,110299997	0,110299997	0,1109	0,110200003	0,110100001	0,109399997	0,1096	0,110299997	0,111199997	0,111900002	0,112899996	0,114100002	0,115099996	0,116700001	0,118000001	0,119499996	0,120099999	0,119499996	0,121600002	0,121799998	0,123300001	0,122299999	0,124200001	0,125	0,125	0,125300005	0,124799997	0,126000002	0,126399994	0,126300007	0,127299994	0,126599997	0,127499998	0,128299996	0,127299994	0,127299994	0,127700001	0,128299996	0,127700001	0,128600001	0,128700003	0,128299996	0,128900006	0,129700005	0,128800005	0,129899994	0,129299998	0,1294	0,128900006	0,129299998	0,129600003
B7	0,120399997	0,109300002	0,106899999	0,112999998	0,107100002	0,107100002	0,108499996	0,105999999	0,110600002	0,107500002	0,1083	0,115000002	0,110600002	0,114	0,112199999	0,115000002	0,112000003	0,112400003	0,1131	0,113399997	0,113899998	0,114200003	0,115099996	0,115800001	0,115800001	0,116099998	0,116400003	0,1171	0,117700003	0,118000001	0,118500002	0,118600003	0,119199999	0,119199999	0,119400002	0,118600003	0,119499996	0,119599998	0,119900003	0,119800001	0,120200001	0,119800001	0,1197	0,119599998	0,120099999	0,120800003	0,120300002	0,120499998	0,120399997	0,120399997	0,120200001	0,120700002	0,121100001	0,120300002	0,120399997	0,120200001	0,120499998	0,120700002	0,120399997	0,120899998	0,120399997	0,121100001	0,120800003	0,120999999	0,120300002	0,120800003	0,120800003	0,120700002	0,120999999	0,120899998	0,120800003	0,121399999	0,121799998	0,121100001	0,120800003	0,121200003	0,120800003	0,120800003	0,121100001	0,121399999	0,120899998	0,122199997	0,121600002	0,121699996	0,121299997	0,122000001	0,121399999	0,121399999	0,1215	0,121299997	0,121200003	0,120999999	0,121399999	0,1215	0,121600002	0,122400001	0,121399999	0,121399999	0,122299999	0,122599997	0,121299997	0,121699996	0,1219	0,122000001	0,122400001	0,121699996	0,1219	0,1215	0,121699996	0,121399999	0,121200003	0,122000001	0,121399999	0,122100003	0,121399999	0,1219	0,121399999	0,122299999	0,121600002	0,1215	0,122000001	0,121399999	0,120700002	0,121299997	0,120800003	0,121200003	0,121399999	0,120800003	0,1215	0,120999999	0,120899998	0,121100001	0,120899998	0,1215	0,120899998	0,121299997	0,121299997	0,1215	0,121399999	0,121299997	0,121399999	0,121299997	0,120899998	0,121299997	0,121299997	0,121699996	0,121299997	0,121699996	0,121299997	0,121600002	0,121299997	0,121699996	0,120899998	0,121200003	0,1219	0,1219	0,121399999	0,121200003	0,121100001	0,120899998	0,121299997	0,1215	0,121200003	0,121399999	0,121200003	0,121399999	0,121799998	0,122000001	0,120700002	0,121200003	0,121299997	0,122000001	0,1215	0,121100001	0,120899998	0,121399999	0,120800003	0,121100001	0,120999999	0,121200003	0,120200001	0,121200003	0,120899998	0,120800003	0,121399999	0,120999999	0,120300002	0,120399997	0,120899998	0,120499998	0,120200001	0,120899998	0,119999997	0,120700002	0,119900003	0,120300002	0,119800001	0,120399997	0,119800001	0,119400002	0,120499998	0,119000003	0,119199999	0,118799999	0,119099997	0,119599998	0,119400002	0,118799999	0,119199999	0,118699998	0,1193	0,118299998	0,117799997	0,118199997	0,118000001	0,117899999	0,117600001	0,117299996	0,117399998	0,116700001	0,116499998	0,117200002	0,116599999	0,116599999	0,115999997	0,115900002	0,115400001	0,115199998	0,114600003	0,115099996	0,1149	0,114399999	0,113700002	0,114600003	0,114600003	0,113499999	0,1131	0,113200001	0,113399997	0,1127	0,112999998	0,112499997	0,112800002	0,112400003	0,111699998	0,1118	0,111900002	0,111599997	0,111400001	0,1109	0,111000001	0,1105	0,1105	0,109899998	0,109899998	0,109499998	0,109700002	0,109700002	0,109200001	0,108499996	0,1087	0,1083	0,1083	0,1083	0,108900003	0,110600002	0,110600002	0,112999998	0,113700002	0,115400001	0,116099998	0,116599999	0,116700001	0,118299998	0,119199999	0,118199997	0,119599998	0,1197	0,120399997	0,119400002	0,120899998	0,120999999	0,121200003	0,122000001	0,121799998	0,121799998	0,121600002	0,122900002	0,123099998	0,122900002	0,123400003	0,123499997	0,1237	0,123199999	0,122599997	0,123199999	0,123599999	0,124499999	0,123199999	0,123499997
B8	0,114699997	0,108199999	0,107100002	0,105099998	0,104500003	0,111500002	0,105899997	0,111400001	0,107299998	0,108400002	0,111000001	0,109499998	0,110100001	0,1118	0,115199998	0,113300003	0,113799997	0,115099996	0,115400001	0,1162	0,117200002	0,1184	0,119400002	0,120499998	0,121200003	0,121100001	0,121699996	0,122599997	0,122599997	0,122900002	0,123000003	0,123099998	0,123999998	0,123899996	0,124799997	0,124200001	0,124899998	0,125100002	0,125100002	0,126100004	0,126200005	0,126399994	0,126200005	0,126000002	0,126100004	0,126599997	0,126399994	0,126599997	0,126699999	0,127100006	0,127299994	0,127900004	0,127299994	0,127200007	0,127599999	0,128000006	0,127399996	0,127800003	0,127499998	0,1285	0,128199995	0,128700003	0,128600001	0,128999993	0,128299996	0,128999993	0,128700003	0,129500002	0,128999993	0,128900006	0,129199997	0,128900006	0,129700005	0,1294	0,130099997	0,130199999	0,130500004	0,129700005	0,130099997	0,130600005	0,131300002	0,131300002	0,131099999	0,131200001	0,130799994	0,131400004	0,130999997	0,131400004	0,131400004	0,131300002	0,131500006	0,131600007	0,131600007	0,132200003	0,131899998	0,133300006	0,132599995	0,133599997	0,132300004	0,133300006	0,133000001	0,132699996	0,133100003	0,134299994	0,134200007	0,133399993	0,134399995	0,134800002	0,134200007	0,134599999	0,1347	0,135299996	0,135000005	0,134800002	0,135600001	0,135900006	0,135199994	0,135100007	0,135100007	0,135900006	0,136600003	0,135900006	0,135900006	0,136000007	0,136899993	0,136700004	0,136299998	0,136899993	0,136999995	0,1373	0,136500001	0,137199998	0,137500003	0,137999997	0,137600005	0,138400003	0,138799995	0,138600007	0,138699993	0,138500005	0,138500005	0,139699996	0,139300004	0,138400003	0,139400005	0,139899999	0,139500007	0,140599996	0,139699996	0,140599996	0,140499994	0,141499996	0,140599996	0,141299993	0,141599998	0,141800001	0,141000003	0,141399994	0,142299995	0,141200006	0,141499996	0,141200006	0,141900003	0,142299995	0,141900003	0,142499998	0,141200006	0,141100004	0,142299995	0,142700002	0,142800003	0,142800003	0,143199995	0,143399999	0,143900007	0,143199995	0,144199997	0,143800005	0,143700004	0,145899996	0,143900007	0,145600006	0,144600004	0,145799994	0,144999996	0,145500004	0,145300001	0,145400003	0,145699993	0,144899994	0,1461	0,146599993	0,145999998	0,145699993	0,146799996	0,146799996	0,145500004	0,146500006	0,145699993	0,1461	0,147	0,146400005	0,146699995	0,146799996	0,146300003	0,145899996	0,146400005	0,146599993	0,146500006	0,147499993	0,147499993	0,146400005	0,147599995	0,148599997	0,147799999	0,148699999	0,148599997	0,148300007	0,149100006	0,148100004	0,148000002	0,149900004	0,150700003	0,151099995	0,152999997	0,154400006	0,154100001	0,156000003	0,156000003	0,157000005	0,157800004	0,159500003	0,159099996	0,160099998	0,160500005	0,161400005	0,161200002	0,162	0,162799999	0,161599994	0,163200006	0,164399996	0,164399996	0,164900005	0,165199995	0,165700004	0,1655	0,167199999	0,1655	0,166299999	0,165999994	0,166899994	0,167300001	0,166099995	0,167999998	0,168799996	0,168799996	0,168300003	0,1699	0,169799998	0,170599997	0,169699997	0,170699999	0,172099993	0,172299996	0,171000004	0,171100006	0,172600001	0,172000006	0,173299998	0,172600001	0,171399996	0,174700007	0,173500001	0,172399998	0,1743	0,172600001	0,173800007	0,173299998	0,174600005	0,174700007	0,174400002	0,176599994	0,174899995	0,174899995	0,174500003	0,175799996	0,176499993	0,175400004	0,176699996	0,178200006	0,177399993	0,178100005	0,176400006	0,175699994	0,176599994	0,177499995	0,176599994	0,176300004	0,175600007
B9	0,113300003	0,112499997	0,115500003	0,115400001	0,109800003	0,110399999	0,110799998	0,112400003	0,112999998	0,115699999	0,114299998	0,118000001	0,116099998	0,117399998	0,118600003	0,1184	0,119900003	0,121200003	0,121200003	0,121699996	0,122199997	0,122699998	0,121699996	0,122500002	0,122900002	0,123499997	0,123499997	0,123499997	0,123499997	0,124700002	0,124799997	0,123800002	0,124899998	0,124700002	0,125	0,124700002	0,125100002	0,124700002	0,124600001	0,124899998	0,125499994	0,125300005	0,125	0,124700002	0,125	0,125200003	0,125	0,125100002	0,124700002	0,124799997	0,125200003	0,124600001	0,124700002	0,124899998	0,125100002	0,124200001	0,124600001	0,124399997	0,124499999	0,125	0,1241	0,124399997	0,124499999	0,123899996	0,123899996	0,123300001	0,123599999	0,123899996	0,1241	0,123599999	0,123599999	0,123199999	0,123099998	0,123400003	0,123199999	0,122599997	0,123199999	0,123199999	0,122900002	0,123400003	0,123099998	0,123599999	0,123300001	0,123000003	0,122400001	0,123099998	0,122599997	0,1228	0,122400001	0,122400001	0,122299999	0,122400001	0,122699998	0,121799998	0,122000001	0,122299999	0,121600002	0,122000001	0,121399999	0,121399999	0,121299997	0,121200003	0,121200003	0,121600002	0,121200003	0,120700002	0,120999999	0,120700002	0,120800003	0,1206	0,120800003	0,120200001	0,1206	0,1206	0,120700002	0,120300002	0,119999997	0,120399997	0,119900003	0,120300002	0,119999997	0,119499996	0,119099997	0,119199999	0,119000003	0,118600003	0,119000003	0,118699998	0,118199997	0,118299998	0,118699998	0,119000003	0,118500002	0,1184	0,118000001	0,118000001	0,118799999	0,117899999	0,1184	0,117899999	0,117700003	0,1175	0,118100002	0,117799997	0,118100002	0,118100002	0,118000001	0,118299998	0,117799997	0,117700003	0,1175	0,118100002	0,117299996	0,117200002	0,118299998	0,1184	0,117399998	0,117799997	0,117799997	0,117299996	0,1175	0,117600001	0,117799997	0,1175	0,1175	0,117799997	0,118000001	0,117299996	0,116599999	0,116999999	0,117200002	0,117399998	0,118000001	0,117799997	0,118199997	0,118100002	0,118500002	0,118699998	0,119000003	0,119400002	0,118799999	0,118500002	0,119400002	0,119400002	0,119999997	0,120099999	0,1197	0,119999997	0,120200001	0,120700002	0,1206	0,120300002	0,121299997	0,1215	0,121600002	0,122100003	0,1219	0,121799998	0,122400001	0,122100003	0,122900002	0,1228	0,1228	0,122500002	0,1228	0,123300001	0,123599999	0,123000003	0,123800002	0,123899996	0,1237	0,1237	0,123599999	0,124300003	0,124300003	0,1241	0,1237	0,124200001	0,125200003	0,124499999	0,124899998	0,124399997	0,125200003	0,125400007	0,125300005	0,125499994	0,124700002	0,125200003	0,124899998	0,125599995	0,125100002	0,125400007	0,125400007	0,126100004	0,125799999	0,125699997	0,125699997	0,125699997	0,1259	0,126000002	0,126499996	0,125499994	0,126699999	0,126599997	0,126900002	0,127499998	0,127100006	0,127100006	0,127800003	0,128199995	0,128800005	0,128399998	0,128700003	0,1294	0,128999993	0,129600003	0,130700007	0,129999995	0,1303	0,130500004	0,131200001	0,131200001	0,131300002	0,132300004	0,132599995	0,132499993	0,131999999	0,131999999	0,133599997	0,134900004	0,136800006	0,140200004	0,141200006	0,142399997	0,145199999	0,145799994	0,148000002	0,149700001	0,150900006	0,152400002	0,152500004	0,152600005	0,152799994	0,152999997	0,152600005	0,153799996	0,153999999	0,154100001	0,153799996	0,154300004	0,155100003	0,155200005	0,155200005	0,155000001	0,155399993	0,154899999	0,156200007	0,155000001	0,154599994	0,155699998
B10	0,116700001	0,118299998	0,108800001	0,113499999	0,117299996	0,116099998	0,109899998	0,121299997	0,111500002	0,119199999	0,112400003	0,115199998	0,114299998	0,1149	0,116700001	0,1171	0,118299998	0,120399997	0,122000001	0,122599997	0,122599997	0,123800002	0,124300003	0,1241	0,125599995	0,126100004	0,1259	0,126000002	0,126300007	0,126900002	0,126800001	0,123800002	0,123899996	0,124300003	0,124399997	0,124700002	0,125699997	0,125200003	0,126499996	0,127299994	0,127100006	0,127100006	0,126599997	0,128000006	0,127599999	0,127200007	0,127599999	0,1285	0,128700003	0,127700001	0,128399998	0,128700003	0,129299998	0,129600003	0,1303	0,130099997	0,130999997	0,130400002	0,131400004	0,132499993	0,132400006	0,132499993	0,133699998	0,133699998	0,134499997	0,134900004	0,135199994	0,135800004	0,136199996	0,136299998	0,137500003	0,137600005	0,138400003	0,138600007	0,140200004	0,140499994	0,141399994	0,142900005	0,1435	0,144199997	0,145500004	0,146799996	0,147300005	0,148000002	0,149100006	0,150299996	0,151099995	0,151299998	0,153699994	0,153899997	0,154799998	0,157100007	0,158500001	0,159299999	0,160699993	0,1611	0,161699995	0,165099993	0,166600004	0,168400005	0,168799996	0,172499999	0,174099997	0,175899997	0,178399995	0,179700002	0,180999994	0,184400007	0,184699997	0,1884	0,192100003	0,202800006	0,2095	0,211500004	0,216100007	0,218999997	0,222100005	0,224800006	0,228400007	0,231900007	0,234099999	0,236900002	0,240400001	0,243699998	0,246700004	0,2491	0,252099991	0,256500006	0,260600001	0,262800008	0,266099989	0,26820001	0,270099998	0,272799999	0,275999993	0,278899997	0,280200005	0,284700006	0,288100004	0,288199991	0,291599989	0,295700014	0,297899991	0,299199998	0,303499997	0,305000007	0,307900012	0,310799986	0,31189999	0,315200001	0,317299992	0,321500003	0,32249999	0,326999992	0,329299986	0,33039999	0,334100008	0,337000012	0,3389	0,340900004	0,345899999	0,34920001	0,349999994	0,352999985	0,354600012	0,356000006	0,360599995	0,363999993	0,3671	0,368699998	0,372299999	0,374599993	0,375499994	0,377000004	0,379900008	0,381199986	0,385100007	0,386400014	0,388799995	0,394300014	0,395000011	0,396100014	0,397599995	0,399800003	0,398799986	0,398600012	0,399100006	0,398600012	0,4023	0,401899993	0,404399991	0,40110001	0,402500004	0,405299991	0,404799998	0,401600003	0,402399987	0,402200013	0,40110001	0,4023	0,402500004	0,403800011	0,403699994	0,404799998	0,404500008	0,404199988	0,405200005	0,405099988	0,405999988	0,407900006	0,407400012	0,408199996	0,406800002	0,407900006	0,409000009	0,407000005	0,408499986	0,4102	0,409200013	0,409500003	0,411199987	0,412800014	0,41139999	0,411199987	0,411300004	0,411199987	0,412900001	0,413500011	0,413100004	0,414400011	0,413700014	0,415800005	0,414799988	0,414700001	0,415899992	0,415499985	0,416000009	0,414499998	0,417199999	0,417100012	0,418500006	0,416900009	0,41870001	0,418799996	0,41929999	0,418799996	0,420100003	0,41960001	0,417899996	0,420700014	0,420899987	0,4208	0,420100003	0,421200007	0,42050001	0,422100008	0,422500014	0,421900004	0,422300011	0,421400011	0,421999991	0,422100008	0,424499989	0,423599988	0,423099995	0,422600001	0,421799988	0,422199994	0,423400015	0,424899995	0,422899991	0,424400002	0,424899995	0,424499989	0,423799992	0,424600005	0,423099995	0,424299985	0,425599992	0,424199998	0,424100012	0,425999999	0,423099995	0,421799988	0,421000004	0,423400015	0,424699992	0,423599988	0,421999991	0,422300011	0,423200011	0,423099995	0,421999991	0,421200007	0,421099991	0,421099991	0,421900004	0,421000004	0,420899987	0,423000008
B11	0,118299998	0,113799997	0,108199999	0,1083	0,107600003	0,107799999	0,1083	0,1087	0,109800003	0,113499999	0,111400001	0,114399999	0,118100002	0,115000002	0,1149	0,1162	0,117600001	0,119199999	0,122900002	0,123099998	0,123800002	0,124799997	0,125	0,125499994	0,125400007	0,125300005	0,125400007	0,125799999	0,124899998	0,124499999	0,124700002	0,124200001	0,124700002	0,125200003	0,125200003	0,125400007	0,1259	0,125799999	0,126300007	0,126800001	0,126599997	0,127399996	0,127000004	0,127499998	0,127599999	0,128199995	0,128399998	0,128900006	0,128999993	0,129800007	0,129299998	0,129800007	0,129500002	0,130600005	0,130700007	0,131300002	0,131400004	0,131400004	0,131699994	0,132699996	0,133300006	0,134100005	0,134299994	0,134399995	0,134900004	0,136099994	0,136000007	0,136600003	0,137999997	0,137799993	0,139300004	0,139300004	0,140699998	0,141000003	0,141800001	0,1426	0,1435	0,143700004	0,145600006	0,147100002	0,146300003	0,148900002	0,149599999	0,150600001	0,151899993	0,153999999	0,156100005	0,156800002	0,158899993	0,159700006	0,160600007	0,163000003	0,165900007	0,166999996	0,167600006	0,169799998	0,171599999	0,1752	0,176300004	0,176799998	0,179800004	0,180999994	0,181899995	0,184400007	0,187700003	0,189400002	0,191400006	0,193399996	0,1963	0,198599994	0,2016	0,207699999	0,217099994	0,219400004	0,224700004	0,226699993	0,229000002	0,2333	0,236300007	0,239399999	0,244299993	0,246800005	0,25	0,253399998	0,257699996	0,259499997	0,262800008	0,26730001	0,270500004	0,273200005	0,27669999	0,279199988	0,281699985	0,284799993	0,287800014	0,289799988	0,293199986	0,297300011	0,300700009	0,303900003	0,30399999	0,308200002	0,309100002	0,311500013	0,315699995	0,317999989	0,32069999	0,326099992	0,326099992	0,330799997	0,333600014	0,336299986	0,337399989	0,339100003	0,344999999	0,348500013	0,34889999	0,352699995	0,355199993	0,357800007	0,360399991	0,364199996	0,366899997	0,370000005	0,370499998	0,3741	0,377499998	0,381700009	0,381099999	0,383599997	0,386999995	0,387699991	0,391400009	0,391600013	0,396100014	0,398000002	0,402200013	0,40259999	0,405600011	0,404900014	0,404500008	0,406199992	0,405800015	0,407099992	0,407599986	0,407200009	0,407900006	0,408300012	0,407599986	0,406399995	0,408499986	0,407299995	0,407099992	0,409700006	0,407299995	0,407799989	0,407499999	0,409700006	0,406699985	0,406199992	0,408600003	0,409700006	0,407400012	0,410699993	0,409399986	0,409099996	0,410899997	0,411000013	0,412	0,411900014	0,412400007	0,412600011	0,412800014	0,412	0,412999988	0,413500011	0,412099987	0,414999992	0,414200008	0,415800005	0,414499998	0,417199999	0,415300012	0,416700006	0,416099995	0,415499985	0,41839999	0,417400002	0,418000013	0,419699997	0,419999987	0,417699993	0,41929999	0,421499997	0,420700014	0,421900004	0,421499997	0,422699988	0,422500014	0,422600001	0,423599988	0,422500014	0,423400015	0,4208	0,426299989	0,423500001	0,423500001	0,424400002	0,424199998	0,425799996	0,424899995	0,423299998	0,426099986	0,427599996	0,424800009	0,423799992	0,426299989	0,427399993	0,425399989	0,426499993	0,425999999	0,423900008	0,425999999	0,427399993	0,427300006	0,425199986	0,425900012	0,427399993	0,429399997	0,427100003	0,426899999	0,426999986	0,427899987	0,427599996	0,426800013	0,425599992	0,427899987	0,426699996	0,426999986	0,428299993	0,428200006	0,426899999	0,428900003	0,425999999	0,426299989	0,426800013	0,42809999	0,4287	0,425300002	0,425500005	0,427899987	0,426999986	0,426600009	0,425000012	0,42719999	0,425599992	0,426999986	0,425900012	0,424400002	0,425500005
B12	0,107900001	0,115199998	0,120700002	0,1206	0,120399997	0,122100003	0,122599997	0,122100003	0,123800002	0,1259	0,125599995	0,125300005	0,123499997	0,125200003	0,123300001	0,127599999	0,127000004	0,128299996	0,123099998	0,126300007	0,1237	0,126200005	0,125499994	0,127599999	0,126699999	0,132300004	0,133900002	0,1347	0,134900004	0,133499995	0,133900002	0,130400002	0,1303	0,130400002	0,129899994	0,129500002	0,129099995	0,128900006	0,130400002	0,130199999	0,129700005	0,129899994	0,129899994	0,129700005	0,129500002	0,129999995	0,131099999	0,131200001	0,131500006	0,130700007	0,131699994	0,133100003	0,1338	0,134100005	0,134599999	0,134399995	0,135800004	0,136500001	0,137600005	0,138699993	0,138999999	0,139500007	0,140300006	0,140300006	0,142299995	0,141900003	0,143800005	0,144099995	0,145400003	0,1461	0,148900002	0,150099993	0,150900006	0,150900006	0,152500004	0,154100001	0,156200007	0,1558	0,158000007	0,159299999	0,160600007	0,163599998	0,164499998	0,166899994	0,166800007	0,169599995	0,170900002	0,174099997	0,175699994	0,177499995	0,179100007	0,182400003	0,182300001	0,185200006	0,187900007	0,190500006	0,192000002	0,194199994	0,194800004	0,199599996	0,199900001	0,202999994	0,208499998	0,210199997	0,215000004	0,217700005	0,222399995	0,224800006	0,227699995	0,2324	0,234500006	0,239199996	0,242400005	0,246000007	0,248799995	0,253399998	0,256900012	0,25909999	0,263300002	0,266200006	0,270999998	0,270900011	0,273799986	0,27579999	0,279500008	0,282299995	0,284500003	0,287099987	0,290600002	0,293099999	0,295399994	0,300500005	0,30219999	0,304100007	0,306899995	0,310000002	0,313199997	0,315100014	0,317499995	0,320600003	0,323199987	0,326099992	0,330900013	0,33070001	0,333299994	0,337399989	0,341300011	0,343300015	0,343600005	0,349099994	0,34889999	0,352800012	0,353500009	0,359499991	0,359899998	0,362300009	0,3653	0,367300004	0,369599998	0,372099996	0,373899996	0,376300007	0,379299998	0,380899996	0,384000003	0,385500014	0,388000011	0,390500009	0,391499996	0,395399988	0,396299988	0,394899994	0,395700008	0,393900007	0,394899994	0,394400001	0,395999998	0,395200014	0,394300014	0,396100014	0,395099998	0,395200014	0,395000011	0,394600004	0,396200001	0,394400001	0,393999994	0,393999994	0,394899994	0,395200014	0,39230001	0,392699987	0,394800007	0,396299988	0,395200014	0,395599991	0,394800007	0,396600008	0,397300005	0,395599991	0,396299988	0,397300005	0,396400005	0,395700008	0,399599999	0,397199988	0,399100006	0,402399987	0,399300009	0,4005	0,402399987	0,40110001	0,399899989	0,401600003	0,401800007	0,400400013	0,401899993	0,401300013	0,40110001	0,40290001	0,402200013	0,404000014	0,403100014	0,403299987	0,403100014	0,403899997	0,404000014	0,402399987	0,403499991	0,403699994	0,404599994	0,405499995	0,405400008	0,404500008	0,404599994	0,406399995	0,405000001	0,406100005	0,406100005	0,405600011	0,406399995	0,407799989	0,406399995	0,407400012	0,407400012	0,406800002	0,407799989	0,407799989	0,406300008	0,406599998	0,405900002	0,406100005	0,406699985	0,406300008	0,405400008	0,404300004	0,405699998	0,406800002	0,405800015	0,406100005	0,404100001	0,404900014	0,404100001	0,405400008	0,404100001	0,404100001	0,404500008	0,403100014	0,402999997	0,40259999	0,402700007	0,402200013	0,402399987	0,403200001	0,401800007	0,402999997	0,4014	0,401600003	0,401199996	0,4014	0,399399996	0,399100006	0,40110001	0,4005	0,401499987	0,400900006	0,400099993	0,402799994	0,398999989	0,399899989	0,4014	0,398499995	0,397000015	0,397399992	0,398000002	0,398699999	0,397700012	0,398900002	0,395999998	0,395200014
C1	0,109999999	0,108199999	0,105999999	0,108900003	0,115900002	0,116999999	0,112199999	0,107500002	0,106700003	0,106799997	0,106299996	0,105899997	0,1061	0,105999999	0,105899997	0,105700001	0,105400003	0,105899997	0,105400003	0,105400003	0,105099998	0,105099998	0,104999997	0,104999997	0,105099998	0,104900002	0,104800001	0,104500003	0,104500003	0,1043	0,1043	0,1043	0,104000002	0,1043	0,104400001	0,104099996	0,104099996	0,104099996	0,104000002	0,1039	0,104000002	0,103799999	0,1039	0,103799999	0,103600003	0,103699997	0,103500001	0,103299998	0,103500001	0,103500001	0,103200004	0,103500001	0,103299998	0,103200004	0,103299998	0,103299998	0,103100002	0,103299998	0,103	0,103200004	0,102899998	0,103100002	0,102899998	0,103200004	0,103100002	0,102899998	0,103399999	0,103399999	0,102899998	0,103299998	0,103200004	0,103200004	0,102899998	0,103200004	0,103100002	0,103	0,103	0,102899998	0,103200004	0,103299998	0,103399999	0,103399999	0,103299998	0,103200004	0,103200004	0,103200004	0,103299998	0,103699997	0,103600003	0,103500001	0,103399999	0,103600003	0,103699997	0,103799999	0,1039	0,104000002	0,104000002	0,1039	0,103600003	0,104000002	0,104199998	0,104000002	0,104099996	0,103500001	0,103299998	0,103500001	0,103600003	0,103600003	0,103799999	0,103699997	0,103699997	0,1039	0,103500001	0,103600003	0,103200004	0,102899998	0,103100002	0,103100002	0,102899998	0,102499999	0,102300003	0,102799997	0,102600001	0,103200004	0,103399999	0,103600003	0,1039	0,1043	0,104400001	0,104900002	0,1052	0,105599999	0,106200002	0,106799997	0,106899999	0,107699998	0,108000003	0,1087	0,109099999	0,109300002	0,109800003	0,110299997	0,1109	0,111400001	0,1118	0,112199999	0,1127	0,113200001	0,112899996	0,112999998	0,113600001	0,114100002	0,114500001	0,115400001	0,115800001	0,116700001	0,116999999	0,116800003	0,1175	0,118600003	0,118900001	0,1193	0,119999997	0,120700002	0,121100001	0,121699996	0,122100003	0,122000001	0,122000001	0,121799998	0,1215	0,121600002	0,121299997	0,121399999	0,121399999	0,121200003	0,121100001	0,120999999	0,120700002	0,120800003	0,120300002	0,120099999	0,119800001	0,119800001	0,1197	0,119499996	0,119099997	0,119099997	0,118799999	0,119000003	0,118799999	0,118799999	0,118500002	0,118600003	0,118500002	0,118299998	0,1184	0,1184	0,118500002	0,117899999	0,117799997	0,118199997	0,118100002	0,117899999	0,118000001	0,117799997	0,118100002	0,117799997	0,118100002	0,1175	0,118000001	0,1175	0,1175	0,117600001	0,117600001	0,117399998	0,117700003	0,117700003	0,118000001	0,118000001	0,118000001	0,117899999	0,117899999	0,1175	0,117899999	0,1184	0,117899999	0,118199997	0,117799997	0,117899999	0,1175	0,1175	0,117700003	0,118100002	0,118199997	0,118000001	0,118000001	0,118100002	0,118299998	0,118900001	0,118699998	0,1184	0,118799999	0,118600003	0,118799999	0,118699998	0,118199997	0,118100002	0,117899999	0,117700003	0,117799997	0,116999999	0,117200002	0,117799997	0,118000001	0,117200002	0,1175	0,118500002	0,118500002	0,117700003	0,117700003	0,118199997	0,117399998	0,117799997	0,118000001	0,117200002	0,117700003	0,118100002	0,117200002	0,118100002	0,118000001	0,118699998	0,118000001	0,118500002	0,118199997	0,117899999	0,118500002	0,1184	0,118699998	0,118500002	0,118199997	0,118500002	0,1175	0,117799997	0,117700003	0,116499998	0,116800003	0,116599999	0,116800003	0,116700001	0,116599999	0,116099998	0,116599999	0,116499998	0,115900002	0,116599999	0,116499998	0,1162	0,116300002	0,116700001
C2	0,118000001	0,1109	0,1127	0,1052	0,104699999	0,104900002	0,105400003	0,106299996	0,107299998	0,108199999	0,107500002	0,1083	0,108999997	0,108999997	0,109300002	0,1087	0,109300002	0,1096	0,109399997	0,109399997	0,109300002	0,108999997	0,108999997	0,109200001	0,109399997	0,109300002	0,109499998	0,109499998	0,109800003	0,109999999	0,109300002	0,1096	0,110100001	0,1096	0,109899998	0,109499998	0,109499998	0,109999999	0,109499998	0,109899998	0,109899998	0,109800003	0,109899998	0,1096	0,109499998	0,109800003	0,109700002	0,109800003	0,1096	0,109999999	0,109499998	0,110100001	0,1096	0,109999999	0,109999999	0,109499998	0,109499998	0,109800003	0,1096	0,109899998	0,109800003	0,109800003	0,110100001	0,109899998	0,109999999	0,109800003	0,109999999	0,110100001	0,109999999	0,109899998	0,109899998	0,109399997	0,109800003	0,109800003	0,109999999	0,110100001	0,110299997	0,110100001	0,110200003	0,110200003	0,110299997	0,110100001	0,110100001	0,109999999	0,110600002	0,110299997	0,110200003	0,110399999	0,1105	0,110200003	0,1105	0,1105	0,110699996	0,110200003	0,110399999	0,110200003	0,1105	0,110600002	0,110100001	0,110100001	0,110699996	0,110600002	0,110299997	0,1105	0,110600002	0,110399999	0,110399999	0,110600002	0,110399999	0,110299997	0,110299997	0,109999999	0,110200003	0,110100001	0,110200003	0,109899998	0,109300002	0,109399997	0,108499996	0,1083	0,107900001	0,107299998	0,106700003	0,106399998	0,105899997	0,105800003	0,105599999	0,105599999	0,105400003	0,1052	0,105700001	0,105499998	0,105800003	0,105800003	0,105999999	0,106399998	0,1065	0,106700003	0,106899999	0,107199997	0,1074	0,107799999	0,108199999	0,109099999	0,109499998	0,110100001	0,110299997	0,111000001	0,111199997	0,111599997	0,1118	0,112899996	0,113399997	0,113700002	0,113799997	0,114799999	0,114699997	0,114600003	0,114799999	0,114600003	0,114799999	0,114600003	0,114799999	0,114799999	0,115199998	0,115099996	0,115099996	0,1149	0,115400001	0,115199998	0,1153	0,115599997	0,115400001	0,115400001	0,115599997	0,115699999	0,115800001	0,115400001	0,115099996	0,115699999	0,115500003	0,115500003	0,115500003	0,115699999	0,115900002	0,115900002	0,115999997	0,115800001	0,115999997	0,116300002	0,1162	0,116300002	0,116300002	0,116400003	0,1162	0,116400003	0,116099998	0,115900002	0,115800001	0,115900002	0,115699999	0,115999997	0,116099998	0,115999997	0,115999997	0,115599997	0,1162	0,115800001	0,115599997	0,115599997	0,115800001	0,115599997	0,115400001	0,115500003	0,115199998	0,115199998	0,115000002	0,114699997	0,1149	0,114699997	0,1149	0,115099996	0,114799999	0,114600003	0,114799999	0,114799999	0,114500001	0,114600003	0,115000002	0,115000002	0,1149	0,114699997	0,114600003	0,114799999	0,114699997	0,114699997	0,114500001	0,114699997	0,114600003	0,115000002	0,114500001	0,114699997	0,114799999	0,1149	0,114600003	0,114600003	0,114399999	0,114799999	0,114500001	0,114299998	0,114500001	0,114299998	0,114699997	0,114500001	0,114399999	0,114500001	0,114699997	0,114500001	0,114600003	0,114500001	0,114699997	0,114399999	0,114299998	0,114299998	0,114200003	0,114	0,114299998	0,113700002	0,114299998	0,114100002	0,114	0,114500001	0,114500001	0,114299998	0,114500001	0,114299998	0,114200003	0,114500001	0,114100002	0,114299998	0,114200003	0,114500001	0,113799997	0,114100002	0,114200003	0,114299998	0,114500001	0,114299998	0,114100002	0,113700002	0,113799997	0,114100002	0,113700002	0,113499999	0,113600001	0,114100002	0,114200003	0,113700002	0,113600001	0,113899998
C3	0,127599999	0,118100002	0,130400002	0,1285	0,114399999	0,1153	0,116300002	0,119099997	0,118600003	0,119900003	0,119599998	0,119099997	0,119400002	0,119800001	0,120200001	0,120499998	0,121100001	0,121100001	0,121399999	0,121299997	0,121799998	0,121799998	0,122199997	0,122599997	0,122500002	0,1228	0,122599997	0,122900002	0,122900002	0,123099998	0,123000003	0,123400003	0,123000003	0,123000003	0,123499997	0,123400003	0,123499997	0,123099998	0,123000003	0,123199999	0,123099998	0,122900002	0,123199999	0,123199999	0,123199999	0,1228	0,123099998	0,123099998	0,1228	0,122900002	0,123099998	0,123000003	0,123000003	0,122599997	0,122699998	0,123099998	0,1228	0,123300001	0,122599997	0,1228	0,122900002	0,122599997	0,122900002	0,123099998	0,122900002	0,122900002	0,1228	0,123300001	0,1228	0,122900002	0,122900002	0,122900002	0,122900002	0,123000003	0,123099998	0,123300001	0,123199999	0,123199999	0,123199999	0,123099998	0,123400003	0,1237	0,123499997	0,1237	0,1237	0,123599999	0,1237	0,1237	0,1237	0,123899996	0,1241	0,123800002	0,123999998	0,123899996	0,123999998	0,123899996	0,123800002	0,1237	0,1237	0,123899996	0,1241	0,123999998	0,123800002	0,1237	0,124899998	0,124200001	0,124399997	0,124200001	0,124300003	0,124300003	0,1241	0,123599999	0,123800002	0,123999998	0,1241	0,123800002	0,123800002	0,123999998	0,123999998	0,1241	0,123899996	0,1237	0,123899996	0,123499997	0,123899996	0,123999998	0,123499997	0,123800002	0,123199999	0,123099998	0,123300001	0,123099998	0,123300001	0,123099998	0,123499997	0,123099998	0,123400003	0,123300001	0,123199999	0,123400003	0,123300001	0,123099998	0,123499997	0,123099998	0,123199999	0,122500002	0,123000003	0,123499997	0,123199999	0,123599999	0,123199999	0,1237	0,123599999	0,123300001	0,123999998	0,123999998	0,123999998	0,1237	0,123899996	0,1237	0,123400003	0,123400003	0,123300001	0,123199999	0,123199999	0,123400003	0,123899996	0,123000003	0,123099998	0,123099998	0,122599997	0,122699998	0,123099998	0,123099998	0,122900002	0,123499997	0,122500002	0,122199997	0,122199997	0,122299999	0,1219	0,1219	0,122000001	0,1215	0,1215	0,121299997	0,1215	0,120899998	0,120899998	0,120700002	0,120800003	0,120300002	0,120099999	0,120499998	0,120399997	0,1193	0,119099997	0,119000003	0,118799999	0,119099997	0,118900001	0,118900001	0,119199999	0,119400002	0,1197	0,120099999	0,119999997	0,119900003	0,120300002	0,120499998	0,120200001	0,1206	0,120700002	0,120800003	0,121699996	0,121699996	0,121600002	0,121100001	0,1219	0,121699996	0,122100003	0,122299999	0,122199997	0,122199997	0,122400001	0,1228	0,123099998	0,123300001	0,1241	0,124300003	0,124700002	0,124600001	0,125100002	0,126200005	0,127000004	0,127299994	0,127599999	0,1285	0,1285	0,130600005	0,133399993	0,133900002	0,136399999	0,137199998	0,139200002	0,139799997	0,141299993	0,142499998	0,142700002	0,144299999	0,144500002	0,144700006	0,145799994	0,146599993	0,146599993	0,147100002	0,148900002	0,149200007	0,149700001	0,151999995	0,153300002	0,152199998	0,152700007	0,154400006	0,154200003	0,154400006	0,153600007	0,154899999	0,155200005	0,155399993	0,155200005	0,153899997	0,154599994	0,154799998	0,155699998	0,155300006	0,154899999	0,155599996	0,154100001	0,156100005	0,155000001	0,154200003	0,155599996	0,155100003	0,154300004	0,152999997	0,154300004	0,153300002	0,154100001	0,153600007	0,154499993	0,154100001	0,152600005	0,153500006	0,153699994	0,152700007	0,153200001	0,152400002	0,152799994	0,151999995
C4	0,113799997	0,107799999	0,108900003	0,107799999	0,107100002	0,1087	0,109099999	0,110100001	0,111599997	0,112499997	0,114699997	0,1153	0,115900002	0,116099998	0,116300002	0,116700001	0,117799997	0,118100002	0,118299998	0,118900001	0,119199999	0,119400002	0,1197	0,120099999	0,119800001	0,120300002	0,120099999	0,120700002	0,121100001	0,120800003	0,120999999	0,120899998	0,121100001	0,1215	0,1219	0,121799998	0,121699996	0,121299997	0,1219	0,121600002	0,122100003	0,122199997	0,122000001	0,122000001	0,122199997	0,122199997	0,122199997	0,121699996	0,122500002	0,122500002	0,122599997	0,122900002	0,122400001	0,122299999	0,122400001	0,1228	0,122699998	0,123199999	0,122900002	0,123099998	0,122599997	0,122900002	0,123800002	0,123400003	0,123199999	0,123599999	0,1237	0,1241	0,123800002	0,1237	0,124300003	0,124300003	0,124899998	0,124899998	0,125100002	0,125300005	0,125499994	0,126200005	0,126200005	0,126200005	0,126499996	0,126900002	0,127000004	0,127000004	0,127100006	0,127100006	0,127299994	0,127100006	0,127800003	0,127599999	0,128299996	0,127800003	0,127499998	0,128199995	0,128199995	0,1285	0,129199997	0,128700003	0,128800005	0,129700005	0,1294	0,129700005	0,129500002	0,130600005	0,130199999	0,130600005	0,130500004	0,130799994	0,131200001	0,131400004	0,131699994	0,131300002	0,132200003	0,132300004	0,132699996	0,132799998	0,132499993	0,133300006	0,132499993	0,133100003	0,133300006	0,133399993	0,133399993	0,133599997	0,134000003	0,134100005	0,133399993	0,134000003	0,133900002	0,134100005	0,134299994	0,134499997	0,1347	0,135000005	0,135499999	0,134599999	0,135299996	0,135299996	0,135399997	0,135499999	0,135900006	0,136000007	0,136399999	0,136500001	0,136800006	0,136399999	0,137199998	0,137600005	0,137400001	0,137999997	0,138400003	0,137999997	0,138300002	0,137799993	0,138799995	0,138500005	0,1382	0,138600007	0,139400005	0,138400003	0,138400003	0,138899997	0,139400005	0,139599994	0,139799997	0,139899999	0,139799997	0,139500007	0,139799997	0,139400005	0,139500007	0,140400007	0,140200004	0,140799999	0,141499996	0,141100004	0,140599996	0,140000001	0,140499994	0,140400007	0,140799999	0,141399994	0,141200006	0,142399997	0,141499996	0,142399997	0,142299995	0,142900005	0,142499998	0,142800003	0,143299997	0,144099995	0,144299999	0,144899994	0,145300001	0,145300001	0,145899996	0,146300003	0,147100002	0,147200003	0,147200003	0,147	0,148300007	0,147499993	0,149000004	0,149399996	0,149800003	0,149800003	0,149499997	0,150999993	0,151299998	0,150999993	0,151299998	0,151999995	0,152099997	0,1514	0,153200001	0,152500004	0,1523	0,153200001	0,153400004	0,153300002	0,153799996	0,153799996	0,153400004	0,154599994	0,154400006	0,155699998	0,154400006	0,154899999	0,155399993	0,155300006	0,1558	0,155900002	0,154799998	0,155499995	0,155200005	0,156000003	0,156200007	0,157000005	0,155900002	0,157000005	0,156800002	0,156200007	0,157900006	0,157600001	0,156399995	0,157100007	0,158600003	0,158500001	0,158199996	0,158399999	0,158000007	0,158099994	0,156000003	0,157100007	0,158000007	0,158000007	0,157299995	0,157299995	0,158000007	0,157800004	0,157299995	0,157100007	0,158299997	0,157199994	0,156399995	0,157700002	0,157399997	0,157600001	0,158000007	0,157100007	0,157900006	0,157299995	0,157900006	0,156200007	0,156599998	0,1567	0,155599996	0,155900002	0,156599998	0,155300006	0,156000003	0,154499993	0,154599994	0,154599994	0,155100003	0,154699996	0,154100001	0,153200001	0,154400006	0,153200001	0,153799996	0,153300002	0,153400004	0,1523	0,153200001	0,152400002	0,152199998	0,151999995
C5	0,140499994	0,132799998	0,122299999	0,119599998	0,119499996	0,120899998	0,122699998	0,123899996	0,125400007	0,134399995	0,128000006	0,130199999	0,133100003	0,133900002	0,1347	0,135299996	0,136199996	0,137600005	0,137700006	0,138500005	0,138600007	0,1391	0,139300004	0,140599996	0,140499994	0,140799999	0,141000003	0,141900003	0,142100006	0,142299995	0,142199993	0,142399997	0,142800003	0,143000007	0,144099995	0,143900007	0,143299997	0,144099995	0,143700004	0,144400001	0,144299999	0,1435	0,144800007	0,144199997	0,144800007	0,144800007	0,145099998	0,144899994	0,144400001	0,144999996	0,144999996	0,144800007	0,144800007	0,144299999	0,145099998	0,145300001	0,144700006	0,145300001	0,145199999	0,144899994	0,144899994	0,145699993	0,145999998	0,144999996	0,145600006	0,144600004	0,145699993	0,145999998	0,144899994	0,1461	0,145500004	0,144999996	0,145300001	0,144899994	0,145899996	0,145699993	0,145500004	0,145500004	0,1461	0,144700006	0,145699993	0,145400003	0,145799994	0,145199999	0,145099998	0,145699993	0,145400003	0,146200001	0,145999998	0,146200001	0,146200001	0,145899996	0,145899996	0,145099998	0,145799994	0,145699993	0,145300001	0,145099998	0,145500004	0,145500004	0,145899996	0,145799994	0,146200001	0,144800007	0,145600006	0,145099998	0,145199999	0,145400003	0,145699993	0,145099998	0,144800007	0,145099998	0,144600004	0,145099998	0,144400001	0,144400001	0,144400001	0,144600004	0,144299999	0,143399999	0,143800005	0,143099993	0,143199995	0,143199995	0,1435	0,143999994	0,143000007	0,1435	0,142700002	0,1426	0,142700002	0,142199993	0,142299995	0,142100006	0,141499996	0,141399994	0,142499998	0,141599998	0,1426	0,141599998	0,141200006	0,142100006	0,141900003	0,141299993	0,141299993	0,140699998	0,140900001	0,141299993	0,141000003	0,140699998	0,140699998	0,140900001	0,140499994	0,140699998	0,140599996	0,140900001	0,140499994	0,140699998	0,140200004	0,139899999	0,140300006	0,140699998	0,141200006	0,140799999	0,141100004	0,141399994	0,141100004	0,141000003	0,141599998	0,141200006	0,141200006	0,141800001	0,141000003	0,141800001	0,142000005	0,142100006	0,141900003	0,141599998	0,140900001	0,141000003	0,1417	0,142000005	0,141000003	0,142100006	0,141599998	0,1417	0,140499994	0,141000003	0,141399994	0,1417	0,141800001	0,141499996	0,142100006	0,142000005	0,143299997	0,143000007	0,142900005	0,143999994	0,144299999	0,143999994	0,144299999	0,144600004	0,146200001	0,147100002	0,149800003	0,152400002	0,155599996	0,160099998	0,164499998	0,165900007	0,168599993	0,170599997	0,173700005	0,175699994	0,178000003	0,181500003	0,181799993	0,183799997	0,183799997	0,185000002	0,186000004	0,1884	0,189199999	0,189199999	0,189500004	0,193599999	0,194000006	0,195299998	0,194999993	0,195899993	0,1972	0,197899997	0,198699996	0,197999999	0,200900003	0,200900003	0,201299995	0,202399999	0,202900007	0,203700006	0,203700006	0,204500005	0,204799995	0,205400005	0,206900001	0,206400007	0,207300007	0,208100006	0,207699999	0,208900005	0,207399994	0,208700001	0,209000006	0,210099995	0,209000006	0,210299999	0,209900007	0,210099995	0,211500004	0,213599995	0,211400002	0,212599993	0,213699996	0,213200003	0,214399993	0,214100003	0,2148	0,215599999	0,216100007	0,217299998	0,217199996	0,2183	0,218400002	0,219500005	0,219899997	0,218700007	0,221699998	0,220500007	0,222599998	0,221499994	0,223000005	0,222499996	0,224199995	0,223100007	0,224399999	0,226199999	0,227300003	0,226899996	0,227300003	0,226899996	0,230299994	0,229499996	0,229900002	0,230800003	0,232099995	0,230700001	0,231999993	0,232500002	0,232199997	0,232700005
C6	0,118799999	0,1105	0,1087	0,113300003	0,109099999	0,109399997	0,109899998	0,113899998	0,112599999	0,113399997	0,113700002	0,115000002	0,125499994	0,125100002	0,123199999	0,117899999	0,118600003	0,1193	0,1197	0,119999997	0,121200003	0,121600002	0,121799998	0,122599997	0,122900002	0,1237	0,124600001	0,125599995	0,125599995	0,126499996	0,126000002	0,1259	0,126200005	0,126900002	0,127100006	0,127000004	0,126800001	0,127399996	0,127700001	0,127499998	0,127700001	0,128099993	0,128199995	0,128099993	0,1285	0,128900006	0,128900006	0,128999993	0,128600001	0,129099995	0,1294	0,129199997	0,1294	0,129199997	0,129800007	0,1294	0,129899994	0,129999995	0,130099997	0,130400002	0,131099999	0,130899996	0,131300002	0,130999997	0,131099999	0,131500006	0,131200001	0,132200003	0,131699994	0,131899998	0,132799998	0,131699994	0,132499993	0,132699996	0,132499993	0,132799998	0,1329	0,133000001	0,133100003	0,1338	0,133499995	0,134200007	0,134299994	0,134599999	0,134900004	0,134299994	0,134599999	0,134900004	0,135499999	0,135399997	0,135600001	0,135600001	0,135499999	0,136199996	0,135700002	0,136199996	0,136600003	0,136700004	0,136600003	0,136899993	0,137400001	0,137400001	0,1373	0,138300002	0,137899995	0,138300002	0,137700006	0,1382	0,138600007	0,1382	0,138300002	0,138899997	0,139200002	0,139400005	0,139599994	0,138699993	0,139300004	0,140000001	0,139799997	0,139799997	0,140200004	0,140000001	0,140599996	0,140799999	0,141000003	0,140599996	0,140100002	0,141000003	0,140799999	0,140900001	0,141499996	0,141000003	0,140799999	0,142100006	0,141800001	0,142000005	0,142299995	0,142299995	0,142499998	0,142900005	0,142900005	0,143299997	0,142800003	0,143000007	0,143700004	0,143999994	0,143999994	0,144299999	0,144500002	0,143600002	0,144700006	0,144700006	0,144999996	0,145099998	0,145300001	0,145600006	0,145099998	0,145400003	0,145199999	0,145799994	0,145899996	0,145400003	0,146500006	0,145699993	0,146400005	0,146599993	0,145400003	0,145799994	0,147	0,147100002	0,147599995	0,147300005	0,147699997	0,148000002	0,148499995	0,148399994	0,148699999	0,149000004	0,149000004	0,148399994	0,149299994	0,149200007	0,149599999	0,149900004	0,149700001	0,149299994	0,148300007	0,150099993	0,150399998	0,149299994	0,150800005	0,1505	0,150800005	0,150099993	0,150099993	0,151199996	0,151199996	0,150600001	0,150399998	0,149499997	0,150399998	0,150700003	0,150800005	0,150299996	0,1505	0,149299994	0,150600001	0,1505	0,150099993	0,149900004	0,150299996	0,150600001	0,149700001	0,149700001	0,149200007	0,149000004	0,150199994	0,150000006	0,149399996	0,148699999	0,149100006	0,149299994	0,149299994	0,148699999	0,148200005	0,148000002	0,148399994	0,148599997	0,147300005	0,1479	0,147100002	0,147300005	0,147799999	0,150999993	0,151199996	0,151600003	0,151800007	0,153200001	0,153400004	0,153699994	0,154599994	0,154200003	0,154799998	0,156599998	0,155599996	0,156599998	0,156399995	0,157100007	0,157399997	0,158199996	0,159500003	0,158899993	0,158600003	0,158399999	0,158700004	0,158700004	0,159999996	0,159799993	0,158600003	0,160099998	0,160500005	0,160799995	0,160799995	0,161899999	0,160699993	0,161599994	0,161200002	0,161899999	0,162499994	0,162799999	0,163399994	0,163399994	0,163200006	0,163800001	0,163100004	0,163100004	0,163399994	0,164399996	0,163599998	0,165000007	0,164000005	0,164800003	0,166099995	0,163499996	0,164199993	0,163699999	0,165199995	0,163699999	0,164100006	0,165999994	0,165199995	0,165199995	0,165399998	0,1646	0,1664	0,1646	0,165099993	0,166299999	0,166600004	0,163900003
C7	0,130099997	0,107199997	0,104000002	0,111500002	0,112099998	0,1074	0,111299999	0,109399997	0,112800002	0,112999998	0,113200001	0,114100002	0,1065	0,113799997	0,111900002	0,113799997	0,107600003	0,111599997	0,108599998	0,111000001	0,109800003	0,1193	0,110100001	0,1109	0,112000003	0,111100003	0,112000003	0,115199998	0,1197	0,115500003	0,112999998	0,112800002	0,113499999	0,114600003	0,114399999	0,114	0,114100002	0,1149	0,114100002	0,114600003	0,114500001	0,114399999	0,114299998	0,114399999	0,114500001	0,114100002	0,114699997	0,114200003	0,114399999	0,114799999	0,114500001	0,115099996	0,114699997	0,115000002	0,115099996	0,114699997	0,114799999	0,113799997	0,114200003	0,114	0,114299998	0,114200003	0,114699997	0,114200003	0,114699997	0,113399997	0,114200003	0,114	0,114	0,113399997	0,113399997	0,112999998	0,113200001	0,113300003	0,113300003	0,113700002	0,112800002	0,113200001	0,113300003	0,113300003	0,1131	0,112899996	0,1127	0,112999998	0,1127	0,112199999	0,112599999	0,1131	0,112199999	0,112400003	0,112800002	0,112400003	0,112199999	0,112800002	0,112499997	0,111900002	0,112099998	0,112400003	0,112000003	0,111699998	0,111900002	0,1118	0,111199997	0,111599997	0,112000003	0,112000003	0,111500002	0,111500002	0,111599997	0,110699996	0,110699996	0,110799998	0,1105	0,110100001	0,109899998	0,110100001	0,110100001	0,109899998	0,109499998	0,109499998	0,1096	0,109499998	0,109200001	0,108599998	0,109300002	0,108900003	0,108599998	0,108499996	0,108099997	0,108199999	0,107500002	0,107799999	0,106899999	0,107799999	0,107299998	0,107000001	0,1074	0,105999999	0,105800003	0,105800003	0,105999999	0,106399998	0,1061	0,105800003	0,105599999	0,1052	0,104699999	0,104999997	0,104900002	0,104800001	0,104699999	0,105800003	0,104400001	0,103799999	0,104099996	0,104199998	0,103500001	0,103799999	0,103699997	0,103299998	0,1039	0,103399999	0,103600003	0,103600003	0,103299998	0,103200004	0,103	0,103299998	0,103100002	0,103299998	0,103	0,102700002	0,102499999	0,102799997	0,102799997	0,102600001	0,102499999	0,101199999	0,1021	0,102200001	0,101800002	0,101899996	0,101899996	0,1017	0,101499997	0,1017	0,100900002	0,101899996	0,101199999	0,100900002	0,101199999	0,100900002	0,100199997	0,1008	0,100199997	0,100299999	0,100199997	0,0999	0,099399999	0,0995	0,099200003	0,098899998	0,098899998	0,099100001	0,098499998	0,098200001	0,0986	0,097900003	0,097999997	0,097900003	0,0977	0,097499996	0,0973	0,097499996	0,097400002	0,096799999	0,097000003	0,096699998	0,096199997	0,096000001	0,096100003	0,096799999	0,095600002	0,0955	0,095700003	0,0955	0,094999999	0,095100001	0,095299996	0,094800003	0,095600002	0,095600002	0,095700003	0,096000001	0,095899999	0,095799997	0,096000001	0,096100003	0,096199997	0,096000001	0,095899999	0,096199997	0,096000001	0,096000001	0,096299998	0,096000001	0,095600002	0,096100003	0,096500002	0,096799999	0,096799999	0,096699998	0,0973	0,0973	0,097199999	0,097000003	0,097800002	0,097999997	0,097099997	0,097499996	0,0977	0,0977	0,097800002	0,097499996	0,097499996	0,097800002	0,097400002	0,097499996	0,097199999	0,097599998	0,096900001	0,096799999	0,096799999	0,096799999	0,096699998	0,0964	0,096600004	0,0964	0,096199997	0,0964	0,096500002	0,096000001	0,095799997	0,0955	0,095600002	0,095299996	0,095200002	0,095200002	0,094899997	0,094700001	0,094700001	0,094099998	0,094400004	0,093999997	0,094099998	0,093999997	0,093900003	0,093999997	0,093900003	0,0942
C8	0,111500002	0,1105	0,105800003	0,104500003	0,104400001	0,104400001	0,104599997	0,105800003	0,1087	0,107199997	0,107900001	0,115000002	0,109300002	0,114699997	0,112499997	0,112199999	0,115900002	0,1175	0,113600001	0,114699997	0,1153	0,115099996	0,116400003	0,116800003	0,116999999	0,118699998	0,119000003	0,119199999	0,120399997	0,120399997	0,120999999	0,121399999	0,121299997	0,1219	0,122599997	0,122199997	0,122500002	0,123499997	0,123400003	0,1241	0,123899996	0,123800002	0,1241	0,125200003	0,124899998	0,124799997	0,125100002	0,125300005	0,124899998	0,1259	0,125499994	0,125499994	0,1259	0,125799999	0,126000002	0,126100004	0,126499996	0,126800001	0,127399996	0,127700001	0,127499998	0,126800001	0,127299994	0,127599999	0,127399996	0,128299996	0,128000006	0,1285	0,127900004	0,128800005	0,128800005	0,128099993	0,128800005	0,128700003	0,129600003	0,129500002	0,129600003	0,130500004	0,130099997	0,129899994	0,130099997	0,130500004	0,130500004	0,131300002	0,131099999	0,130999997	0,130500004	0,131600007	0,131699994	0,131999999	0,131500006	0,131500006	0,131600007	0,131899998	0,132200003	0,132100001	0,132100001	0,133200005	0,132499993	0,1329	0,132300004	0,133399993	0,1338	0,133300006	0,134299994	0,134200007	0,133599997	0,134499997	0,134399995	0,134100005	0,134900004	0,134200007	0,134299994	0,135000005	0,135399997	0,1347	0,1347	0,135700002	0,135499999	0,134900004	0,135399997	0,136099994	0,135399997	0,135900006	0,135800004	0,135900006	0,135600001	0,136000007	0,136399999	0,136099994	0,136500001	0,135900006	0,137199998	0,136700004	0,136999995	0,137600005	0,137600005	0,137700006	0,136999995	0,137099996	0,1373	0,137799993	0,1382	0,137700006	0,137700006	0,138799995	0,138799995	0,138999999	0,138699993	0,138600007	0,139300004	0,138999999	0,139599994	0,139699996	0,140200004	0,139799997	0,139599994	0,140200004	0,139300004	0,140400007	0,140400007	0,141100004	0,141399994	0,140200004	0,141200006	0,140499994	0,141399994	0,140599996	0,141599998	0,141100004	0,141200006	0,142299995	0,142900005	0,142499998	0,143099993	0,142900005	0,142700002	0,143399999	0,143700004	0,143600002	0,143399999	0,144400001	0,143700004	0,144199997	0,143999994	0,145600006	0,143700004	0,145099998	0,145099998	0,145199999	0,144700006	0,145999998	0,145400003	0,145199999	0,145300001	0,143999994	0,145699993	0,145400003	0,144400001	0,145899996	0,144899994	0,145099998	0,145400003	0,1461	0,146599993	0,145799994	0,146599993	0,145799994	0,145899996	0,146500006	0,146699995	0,145999998	0,146899998	0,146400005	0,146500006	0,147100002	0,146400005	0,146899998	0,146699995	0,1461	0,146699995	0,145899996	0,144999996	0,145400003	0,145999998	0,145899996	0,145600006	0,146200001	0,147300005	0,1479	0,149599999	0,149499997	0,150900006	0,151099995	0,152400002	0,1523	0,152799994	0,154300004	0,153699994	0,155599996	0,155599996	0,155200005	0,155599996	0,155399993	0,157000005	0,155699998	0,158099994	0,157100007	0,157399997	0,157499999	0,158299997	0,158500001	0,159299999	0,158500001	0,159199998	0,159600005	0,159600005	0,1602	0,159299999	0,160699993	0,159299999	0,160699993	0,159400001	0,160400003	0,161699995	0,160600007	0,159700006	0,161300004	0,161500007	0,161200002	0,161699995	0,161200002	0,162499994	0,162499994	0,163399994	0,161200002	0,161400005	0,161799997	0,162799999	0,161799997	0,163699999	0,162300006	0,162599996	0,162200004	0,163599998	0,162100002	0,162100002	0,162900001	0,160600007	0,162200004	0,161799997	0,162599996	0,162	0,160099998	0,161300004	0,160899997	0,162100002	0,159400001	0,1602	0,1602
C9	0,117899999	0,113600001	0,105899997	0,107199997	0,106899999	0,108199999	0,106200002	0,108400002	0,114399999	0,111699998	0,111500002	0,111400001	0,116499998	0,115199998	0,114500001	0,115400001	0,116899997	0,116400003	0,117700003	0,118500002	0,1197	0,119599998	0,120200001	0,120899998	0,1219	0,1219	0,122699998	0,1228	0,123199999	0,123800002	0,1237	0,1237	0,124200001	0,124700002	0,125200003	0,124700002	0,124899998	0,125200003	0,125300005	0,125499994	0,125200003	0,125599995	0,125499994	0,126100004	0,1259	0,126100004	0,126499996	0,126100004	0,126399994	0,126800001	0,126499996	0,126499996	0,126800001	0,126599997	0,126800001	0,127299994	0,126399994	0,127399996	0,126800001	0,126900002	0,127100006	0,127100006	0,127700001	0,127200007	0,126900002	0,127599999	0,127499998	0,127800003	0,127700001	0,127499998	0,127100006	0,127700001	0,127100006	0,127299994	0,128099993	0,127900004	0,127800003	0,127800003	0,128199995	0,128199995	0,127599999	0,128399998	0,128399998	0,128299996	0,129099995	0,128600001	0,128299996	0,128399998	0,128999993	0,128600001	0,128700003	0,128600001	0,128900006	0,128900006	0,129199997	0,129500002	0,129500002	0,128999993	0,128800005	0,129700005	0,129600003	0,1294	0,129299998	0,129700005	0,129899994	0,129600003	0,129500002	0,129800007	0,130199999	0,128999993	0,130199999	0,129700005	0,130099997	0,1303	0,130400002	0,1303	0,130700007	0,130700007	0,129899994	0,129500002	0,1303	0,130199999	0,129899994	0,129999995	0,130799994	0,129700005	0,130500004	0,129999995	0,129600003	0,130400002	0,130199999	0,130099997	0,130500004	0,130899996	0,131099999	0,130999997	0,130999997	0,130999997	0,131200001	0,131099999	0,130999997	0,130899996	0,131400004	0,131500006	0,131600007	0,131099999	0,131500006	0,131899998	0,131899998	0,130999997	0,132300004	0,131500006	0,131899998	0,131799996	0,131899998	0,131799996	0,131699994	0,131600007	0,1329	0,132499993	0,132300004	0,132499993	0,132100001	0,133300006	0,132799998	0,132699996	0,1329	0,133399993	0,133200005	0,133599997	0,1338	0,134200007	0,134200007	0,134399995	0,134599999	0,134800002	0,134900004	0,135399997	0,135100007	0,135199994	0,135600001	0,136000007	0,136399999	0,136600003	0,136899993	0,137899995	0,136600003	0,137099996	0,138099998	0,137799993	0,1382	0,1382	0,139500007	0,138799995	0,138799995	0,138799995	0,139500007	0,139200002	0,1391	0,140200004	0,139200002	0,138899997	0,140400007	0,140000001	0,140499994	0,141599998	0,143000007	0,1417	0,141900003	0,142299995	0,143299997	0,142299995	0,143999994	0,144500002	0,144600004	0,144899994	0,143800005	0,144800007	0,145199999	0,1461	0,145400003	0,145600006	0,145300001	0,146200001	0,145899996	0,146899998	0,145500004	0,147	0,147	0,146300003	0,147699997	0,146599993	0,148000002	0,148800001	0,149900004	0,149200007	0,149800003	0,150700003	0,1514	0,153099999	0,153699994	0,154200003	0,154799998	0,155499995	0,157299995	0,158000007	0,158399999	0,157900006	0,159700006	0,159400001	0,160600007	0,160099998	0,160899997	0,161699995	0,162100002	0,162799999	0,163900003	0,163399994	0,164299995	0,164499998	0,165199995	0,165600002	0,164199993	0,165700004	0,166700006	0,166899994	0,167400002	0,167199999	0,169100001	0,168500006	0,168599993	0,169200003	0,169100001	0,170100003	0,170100003	0,1699	0,169499993	0,171100006	0,170699999	0,171700001	0,172600001	0,172600001	0,171100006	0,171700001	0,172399998	0,171800002	0,171599999	0,172000006	0,171599999	0,171700001	0,172399998	0,171499997	0,170599997	0,170100003	0,170399994	0,170499995	0,171299994	0,169400007	0,170000002	0,170900002
C10	0,116099998	0,109300002	0,104400001	0,103100002	0,105400003	0,108199999	0,106200002	0,108499996	0,106799997	0,108800001	0,106700003	0,113300003	0,110600002	0,112599999	0,112999998	0,119599998	0,115900002	0,1131	0,1131	0,112000003	0,112599999	0,113200001	0,113499999	0,114299998	0,114699997	0,1153	0,115500003	0,116099998	0,1162	0,117299996	0,117399998	0,117799997	0,118100002	0,118100002	0,118500002	0,118100002	0,118799999	0,119400002	0,119099997	0,120399997	0,119900003	0,120499998	0,120899998	0,120899998	0,121200003	0,121600002	0,121699996	0,122000001	0,121399999	0,122500002	0,122500002	0,122199997	0,1228	0,122599997	0,1228	0,123199999	0,123599999	0,123400003	0,123899996	0,124799997	0,124300003	0,124700002	0,125	0,125100002	0,125599995	0,126200005	0,126399994	0,126900002	0,127000004	0,127299994	0,127399996	0,128099993	0,127700001	0,128800005	0,129199997	0,1294	0,130099997	0,129800007	0,131200001	0,130999997	0,131899998	0,132599995	0,132499993	0,132400006	0,132799998	0,134399995	0,134299994	0,135399997	0,135100007	0,135700002	0,135800004	0,136600003	0,137400001	0,137999997	0,138699993	0,138999999	0,139699996	0,141100004	0,140799999	0,141800001	0,142499998	0,144099995	0,144400001	0,144899994	0,145300001	0,146400005	0,147799999	0,148200005	0,149700001	0,148200005	0,151600003	0,151099995	0,151800007	0,152600005	0,153699994	0,154699996	0,155499995	0,156900004	0,157800004	0,158199996	0,160300002	0,160899997	0,162100002	0,163900003	0,1646	0,165399998	0,166600004	0,167899996	0,169799998	0,170900002	0,171200007	0,173600003	0,174700007	0,176100001	0,177399993	0,177399993	0,181099996	0,181999996	0,183699995	0,185000002	0,186800003	0,189199999	0,191599995	0,193100005	0,194299996	0,195500001	0,198300004	0,200000003	0,202800006	0,205400005	0,207900003	0,210099995	0,211400002	0,215200007	0,217500001	0,221699998	0,225099996	0,230499998	0,234500006	0,239299998	0,240799993	0,249699995	0,252700001	0,256199986	0,259299994	0,260699987	0,264099985	0,265599996	0,269300014	0,269899994	0,274199992	0,276600003	0,277999997	0,279799998	0,282799989	0,28459999	0,286500007	0,288500011	0,291799992	0,293500006	0,294999987	0,298999995	0,298099995	0,302300006	0,307300001	0,308099985	0,309300005	0,313499987	0,315400004	0,317699999	0,319900006	0,323799998	0,324900001	0,325700015	0,328500003	0,330799997	0,332800001	0,334600002	0,338499993	0,340000004	0,341800004	0,345299989	0,3477	0,349400014	0,350100011	0,354000002	0,355800003	0,360199988	0,360799998	0,362100005	0,3662	0,3653	0,367900014	0,372099996	0,373400003	0,37529999	0,375499994	0,376599997	0,376899987	0,377600014	0,375800014	0,377499998	0,376199991	0,377799988	0,377999991	0,378399998	0,379700005	0,380899996	0,377499998	0,378600001	0,380499989	0,377900004	0,378699988	0,379299998	0,379400015	0,378800005	0,379000008	0,379500002	0,378899992	0,379900008	0,379400015	0,380600005	0,379799992	0,379599988	0,381900012	0,381399989	0,381900012	0,381599993	0,381000012	0,381999999	0,38319999	0,381300002	0,381000012	0,380499989	0,381900012	0,382499993	0,383100003	0,381300002	0,382999986	0,385800004	0,385600001	0,384499997	0,385899991	0,384799987	0,384000003	0,387100011	0,382699996	0,388300002	0,387199998	0,386299998	0,387300014	0,387199998	0,387100011	0,386599988	0,388399988	0,387100011	0,391600013	0,388599992	0,388399988	0,389800012	0,39289999	0,390899986	0,391900003	0,392500013	0,393000007	0,391400009	0,394199997	0,394300014	0,393000007	0,390799999	0,394199997	0,391600013	0,39320001	0,393900007	0,394800007	0,393400013	0,396899998	0,393299997	0,396499991	0,39379999
C11	0,113899998	0,109200001	0,107500002	0,106200002	0,106299996	0,106600001	0,108199999	0,109999999	0,108400002	0,111699998	0,108499996	0,110600002	0,109700002	0,115500003	0,111699998	0,112499997	0,1127	0,113499999	0,122699998	0,115500003	0,115800001	0,116499998	0,118000001	0,118199997	0,119499996	0,120899998	0,1206	0,121299997	0,1215	0,1219	0,121600002	0,122299999	0,122100003	0,122599997	0,123000003	0,123099998	0,123400003	0,1241	0,123999998	0,124499999	0,124200001	0,124200001	0,124399997	0,124300003	0,124499999	0,124700002	0,124799997	0,124700002	0,124600001	0,125400007	0,125799999	0,125300005	0,125200003	0,125699997	0,126200005	0,125799999	0,126200005	0,126200005	0,126499996	0,126699999	0,126399994	0,127399996	0,127299994	0,127599999	0,127700001	0,127499998	0,127700001	0,128700003	0,128199995	0,128399998	0,129099995	0,1294	0,129299998	0,128900006	0,129299998	0,129999995	0,129999995	0,130400002	0,131099999	0,131500006	0,131099999	0,131400004	0,132100001	0,131899998	0,132699996	0,132799998	0,133599997	0,133699998	0,134299994	0,133900002	0,134399995	0,134800002	0,135399997	0,135700002	0,136199996	0,136099994	0,136899993	0,137600005	0,137400001	0,137899995	0,139300004	0,139200002	0,138699993	0,139599994	0,140300006	0,141000003	0,141000003	0,141000003	0,141900003	0,141499996	0,142499998	0,143299997	0,142800003	0,144800007	0,144500002	0,144899994	0,145699993	0,146300003	0,145799994	0,1461	0,146200001	0,148100004	0,147599995	0,149700001	0,150000006	0,149499997	0,151800007	0,152799994	0,152600005	0,152799994	0,154799998	0,155100003	0,1558	0,157299995	0,157900006	0,159799993	0,1602	0,159799993	0,162599996	0,162300006	0,164399996	0,164399996	0,165600002	0,1664	0,167400002	0,168400005	0,169599995	0,170100003	0,171499997	0,172000006	0,173500001	0,174899995	0,177599996	0,177499995	0,179100007	0,180199996	0,180800006	0,181999996	0,183599994	0,184200004	0,185100004	0,1875	0,190500006	0,190200001	0,191699997	0,193800002	0,194999993	0,197799996	0,199699998	0,201700002	0,201299995	0,205500007	0,215299994	0,218799993	0,222499996	0,224299997	0,225500003	0,228799999	0,230900005	0,233899996	0,236300007	0,237900004	0,242500007	0,246299997	0,247700006	0,247999996	0,249699995	0,253399998	0,255400002	0,257099986	0,258399993	0,258899987	0,263300002	0,264999986	0,26730001	0,266200006	0,269600004	0,270599991	0,272100002	0,275299996	0,274800003	0,277200013	0,279000014	0,279500008	0,282599986	0,284299999	0,287400007	0,288700014	0,290100008	0,289600015	0,297100008	0,295899987	0,296299994	0,298599988	0,299699992	0,303000003	0,304399997	0,305299997	0,308899999	0,310000002	0,310900003	0,312099993	0,314799994	0,315899998	0,317499995	0,320199996	0,32190001	0,323000014	0,324200004	0,326700002	0,330300003	0,330199987	0,331499994	0,335000008	0,336400002	0,334899992	0,339599997	0,339100003	0,342500001	0,342000008	0,344799995	0,344599992	0,344700009	0,345499992	0,346799999	0,347000003	0,345800012	0,344300002	0,345400006	0,344999999	0,345699996	0,345999986	0,347600013	0,346899986	0,345600009	0,347600013	0,347799987	0,3477	0,34830001	0,349900007	0,34740001	0,348199993	0,34740001	0,347000003	0,347299993	0,346899986	0,347900003	0,346300006	0,347499996	0,346500009	0,348699987	0,3477	0,3477	0,346899986	0,34920001	0,3477	0,348100007	0,34920001	0,347499996	0,350199997	0,350400001	0,351200014	0,350699991	0,350699991	0,350400001	0,351399988	0,351900011	0,352499992	0,350699991	0,350699991	0,354000002	0,352100015	0,351099998	0,353199989	0,351700008	0,351099998	0,354000002	0,352100015	0,353100002	0,354699999
C12	0,127599999	0,115999997	0,111900002	0,110799998	0,111500002	0,112999998	0,1118	0,115500003	0,113300003	0,114299998	0,115900002	0,116300002	0,119199999	0,1206	0,125599995	0,121100001	0,132200003	0,124600001	0,125400007	0,125200003	0,126800001	0,128199995	0,129199997	0,1294	0,129099995	0,129700005	0,1303	0,130999997	0,131699994	0,132100001	0,132599995	0,131999999	0,132200003	0,132699996	0,1338	0,133100003	0,1338	0,134100005	0,134200007	0,135499999	0,1347	0,135399997	0,135800004	0,136299998	0,135700002	0,136299998	0,136399999	0,137400001	0,137600005	0,137999997	0,137999997	0,138699993	0,139300004	0,138799995	0,139400005	0,139400005	0,139899999	0,140300006	0,140799999	0,140699998	0,141900003	0,141599998	0,142199993	0,142900005	0,143399999	0,144099995	0,143999994	0,144800007	0,145400003	0,145300001	0,146599993	0,148000002	0,148000002	0,148300007	0,148800001	0,150700003	0,151600003	0,150199994	0,152400002	0,152799994	0,153899997	0,155000001	0,1558	0,155599996	0,156499997	0,158299997	0,158899993	0,160300002	0,161400005	0,161200002	0,162900001	0,164000005	0,164399996	0,166899994	0,168300003	0,168300003	0,169599995	0,171399996	0,171299994	0,1734	0,175099999	0,175600007	0,178000003	0,178100005	0,179499999	0,180700004	0,1831	0,183300003	0,185699999	0,185699999	0,188600004	0,189799994	0,190799996	0,1928	0,195700005	0,195500001	0,197699994	0,201299995	0,202099994	0,203099996	0,206900001	0,208000004	0,2086	0,212200001	0,213200003	0,215800002	0,219799995	0,220699996	0,220100001	0,227400005	0,230299994	0,235400006	0,237299994	0,239999995	0,244299993	0,245499998	0,250699997	0,252900004	0,255100012	0,25940001	0,261099994	0,261900008	0,265199989	0,267500013	0,270799994	0,270799994	0,275000006	0,278899997	0,278600007	0,280299991	0,282900006	0,282799989	0,287200004	0,289499998	0,293199986	0,294400007	0,294999987	0,296700001	0,299100012	0,299400002	0,302700013	0,307399988	0,310200006	0,311399996	0,314700007	0,314900011	0,317900002	0,319700003	0,324000001	0,325100005	0,326700002	0,330000013	0,333499998	0,334500015	0,336400002	0,339300007	0,33919999	0,341500014	0,344999999	0,348399997	0,348699987	0,349299997	0,352299988	0,354400009	0,357800007	0,360199988	0,363400012	0,364600003	0,367900014	0,367300004	0,371300012	0,372299999	0,375	0,375	0,376899987	0,376399994	0,375800014	0,376800001	0,37650001	0,37560001	0,3741	0,375699997	0,376399994	0,374000013	0,376100004	0,375099987	0,376300007	0,37470001	0,377000004	0,377299994	0,377900004	0,374799997	0,376100004	0,375	0,3759	0,377299994	0,37470001	0,375999987	0,374599993	0,375	0,376700014	0,375999987	0,37439999	0,375099987	0,377099991	0,376199991	0,375400007	0,37470001	0,376300007	0,37529999	0,376599997	0,374799997	0,376100004	0,378199995	0,379200011	0,374900013	0,378399998	0,377600014	0,377400011	0,379700005	0,379799992	0,377999991	0,376599997	0,377700001	0,378800005	0,377900004	0,379200011	0,377299994	0,379999995	0,379500002	0,379599988	0,380499989	0,379500002	0,379599988	0,377299994	0,377900004	0,381000012	0,380400002	0,379400015	0,380499989	0,381300002	0,379700005	0,377600014	0,382099986	0,379400015	0,381000012	0,382299989	0,382600009	0,382800013	0,3829	0,378500015	0,38530001	0,381900012	0,382699996	0,383700013	0,384299994	0,382400006	0,381799996	0,3847	0,385500014	0,383399993	0,383399993	0,381700009	0,388200015	0,386299998	0,386799991	0,388599992	0,387699991	0,385600001	0,384200007	0,386200011	0,385800004	0,382400006	0,384200007	0,386400014	0,383700013	0,3847	0,38319999	0,384499997	0,380899996
D1	0,119199999	0,116999999	0,127800003	0,139300004	0,133699998	0,139599994	0,136500001	0,139599994	0,133499995	0,130799994	0,134100005	0,139300004	0,135900006	0,127800003	0,137899995	0,139300004	0,142299995	0,1417	0,140900001	0,141900003	0,145099998	0,142800003	0,136999995	0,127800003	0,128099993	0,128600001	0,1303	0,130600005	0,130799994	0,131400004	0,132699996	0,133000001	0,132499993	0,133300006	0,134000003	0,134299994	0,134900004	0,135600001	0,135399997	0,136500001	0,136299998	0,137400001	0,138600007	0,138799995	0,139699996	0,140100002	0,140900001	0,140400007	0,1417	0,142000005	0,1426	0,143999994	0,144500002	0,146500006	0,145699993	0,147300005	0,147799999	0,148599997	0,149200007	0,150600001	0,151800007	0,1514	0,153400004	0,153799996	0,154899999	0,156399995	0,156100005	0,157600001	0,158199996	0,159600005	0,161300004	0,1602	0,162799999	0,164000005	0,164800003	0,164299995	0,166899994	0,166899994	0,167999998	0,168400005	0,170900002	0,172299996	0,172700003	0,173800007	0,176599994	0,177499995	0,180099994	0,182099998	0,182099998	0,182999998	0,185000002	0,186199993	0,189300001	0,191300005	0,193599999	0,194299996	0,195500001	0,198300004	0,203199998	0,2051	0,207800001	0,211600006	0,214300007	0,216700003	0,220200002	0,223399997	0,225999996	0,228499994	0,231900007	0,235799998	0,237200007	0,245399997	0,250099987	0,255800009	0,257800013	0,262400001	0,264899999	0,268400013	0,268999994	0,273299992	0,276800007	0,280900002	0,281300008	0,285299987	0,289400011	0,291900009	0,290899992	0,29550001	0,298099995	0,301200002	0,304899991	0,30430001	0,308600008	0,3125	0,314999998	0,315899998	0,319099993	0,321399987	0,324699998	0,329100013	0,32949999	0,333299994	0,337399989	0,339100003	0,339899987	0,341500014	0,346700013	0,349000007	0,350400001	0,351500005	0,357300013	0,357800007	0,359600008	0,36469999	0,362899989	0,367399991	0,370400012	0,371300012	0,374599993	0,375	0,379799992	0,381999999	0,384799987	0,389400005	0,392100006	0,389600009	0,392399997	0,397000015	0,400900006	0,402200013	0,404000014	0,406300008	0,407499999	0,409099996	0,410100013	0,414299995	0,414900005	0,41960001	0,420100003	0,420700014	0,423900008	0,425199986	0,426299989	0,426499993	0,428600013	0,423099995	0,423099995	0,425399989	0,424600005	0,428499997	0,4287	0,4278	0,425099999	0,429399997	0,428900003	0,430000007	0,426699996	0,425900012	0,42719999	0,426299989	0,427899987	0,428200006	0,427700013	0,427700013	0,427700013	0,426699996	0,4278	0,4287	0,4278	0,428600013	0,429199994	0,429699987	0,430400014	0,428299993	0,42809999	0,429399997	0,428299993	0,429399997	0,429800004	0,430700004	0,432500005	0,430099994	0,431899995	0,432900012	0,431199998	0,430900007	0,431800008	0,433899999	0,431699991	0,433499992	0,434300005	0,431899995	0,433899999	0,435099989	0,433699995	0,432000011	0,433999985	0,437299997	0,436399996	0,439200014	0,4366	0,438300014	0,436500013	0,4366	0,438800007	0,437900007	0,438199997	0,440499991	0,442000002	0,440499991	0,439599991	0,440100014	0,440100014	0,439200014	0,441199988	0,441300005	0,444299996	0,443599999	0,441000015	0,442299992	0,443300009	0,442900002	0,442799985	0,441000015	0,444499999	0,445800006	0,444900006	0,443800002	0,444999993	0,442999989	0,4454	0,44600001	0,444499999	0,446099997	0,445800006	0,446200013	0,44690001	0,447100013	0,44749999	0,448300004	0,448599994	0,449499995	0,447100013	0,448300004	0,447100013	0,448000014	0,447100013	0,449400008	0,447699994	0,449499995	0,447100013	0,450599998	0,449000001	0,451400012	0,448100001	0,450800002	0,451299995	0,448500007	0,449800014	0,449900001
D2	0,119199999	0,120200001	0,118000001	0,119599998	0,127800003	0,125499994	0,126300007	0,128199995	0,121799998	0,117700003	0,118299998	0,130899996	0,123800002	0,128000006	0,127399996	0,129299998	0,130899996	0,130600005	0,131799996	0,1347	0,134800002	0,131099999	0,134499997	0,136099994	0,136899993	0,136199996	0,138600007	0,138799995	0,139300004	0,139300004	0,139899999	0,139300004	0,138899997	0,141299993	0,140200004	0,140900001	0,1417	0,141900003	0,142199993	0,143399999	0,1426	0,143099993	0,144099995	0,143700004	0,145600006	0,145099998	0,145199999	0,145400003	0,145600006	0,145999998	0,147	0,146200001	0,147699997	0,148200005	0,149200007	0,149599999	0,150199994	0,150099993	0,150999993	0,151800007	0,151600003	0,153099999	0,153300002	0,153300002	0,154799998	0,155000001	0,155399993	0,156399995	0,158299997	0,158700004	0,158899993	0,159600005	0,1602	0,161500007	0,161799997	0,161400005	0,162300006	0,162499994	0,164399996	0,163000003	0,165900007	0,165700004	0,165800005	0,166800007	0,168300003	0,168599993	0,169400007	0,170000002	0,170200005	0,170499995	0,172299996	0,173299998	0,176599994	0,175799996	0,178499997	0,178100005	0,179100007	0,180099994	0,184200004	0,184799999	0,185599998	0,186700001	0,188299999	0,1919	0,192599997	0,192599997	0,194000006	0,194000006	0,197699994	0,201000005	0,200499997	0,205200002	0,206200004	0,209600002	0,210800007	0,214200005	0,215800002	0,219699994	0,221399993	0,225099996	0,229100004	0,231199995	0,234899998	0,240199998	0,244299993	0,247799993	0,252400011	0,256500006	0,261400014	0,262600005	0,26730001	0,26789999	0,273600012	0,273200005	0,279399991	0,279399991	0,281399995	0,28580001	0,288300008	0,291299999	0,292600006	0,296200007	0,297300011	0,301099986	0,301999986	0,304399997	0,305500001	0,310400009	0,31099999	0,313600004	0,317000002	0,317900002	0,320499986	0,323100001	0,325700015	0,326400012	0,32949999	0,33129999	0,333200008	0,335900009	0,337900013	0,340200007	0,343100011	0,342799991	0,348199993	0,347799987	0,350800008	0,353799999	0,356599987	0,358700007	0,359400004	0,362899989	0,365399987	0,366600007	0,368699998	0,372500002	0,370599985	0,374000013	0,377799988	0,377999991	0,379700005	0,381099999	0,382200003	0,385199994	0,388399988	0,387600005	0,389600009	0,390500009	0,393700004	0,393599987	0,394899994	0,394400001	0,394699991	0,394899994	0,39410001	0,39379999	0,394300014	0,3935	0,394699991	0,39230001	0,393400013	0,3935	0,395700008	0,394199997	0,395500004	0,393999994	0,395599991	0,393999994	0,395099998	0,39379999	0,395099998	0,394899994	0,395900011	0,395700008	0,394400001	0,396100014	0,396200001	0,394800007	0,396200001	0,395000011	0,394600004	0,395300001	0,395399988	0,396600008	0,400400013	0,398400009	0,397700012	0,398200005	0,40079999	0,398499995	0,398499995	0,397399992	0,399100006	0,400400013	0,398699999	0,401300013	0,40079999	0,400599986	0,400200009	0,401300013	0,40169999	0,403600007	0,403600007	0,402799994	0,40169999	0,402799994	0,404700011	0,405600011	0,404799998	0,406399995	0,404900014	0,404700011	0,405299991	0,406800002	0,407999992	0,406100005	0,407299995	0,410400003	0,408199996	0,408100009	0,408600003	0,409799993	0,408600003	0,409000009	0,411000013	0,409799993	0,410899997	0,412499994	0,412200004	0,411500007	0,409999996	0,410100013	0,411799997	0,413199991	0,409700006	0,410699993	0,412400007	0,414900005	0,412600011	0,414000005	0,414400011	0,413800001	0,415800005	0,415199995	0,415100008	0,413800001	0,414400011	0,416799992	0,415699989	0,415100008	0,414600015	0,417299986	0,418000013	0,415800005	0,416900009	0,418099999	0,420700014	0,418000013	0,416200012	0,415800005
D3	0,105499998	0,102600001	0,101000004	0,102899998	0,101000004	0,100400001	0,1039	0,101599999	0,103200004	0,1052	0,104800001	0,104900002	0,104199998	0,104800001	0,1052	0,104800001	0,105099998	0,105899997	0,106200002	0,108499996	0,107000001	0,106799997	0,108000003	0,107600003	0,107699998	0,107299998	0,108599998	0,109399997	0,1083	0,1087	0,109300002	0,1087	0,108599998	0,109200001	0,109300002	0,109399997	0,108400002	0,108900003	0,108999997	0,109099999	0,108999997	0,108999997	0,109399997	0,109499998	0,109700002	0,109899998	0,110100001	0,109899998	0,110399999	0,110699996	0,111100003	0,110799998	0,111199997	0,112199999	0,111699998	0,112099998	0,112599999	0,113300003	0,112999998	0,113499999	0,113799997	0,114100002	0,114799999	0,115599997	0,116499998	0,115900002	0,115900002	0,116499998	0,116800003	0,117299996	0,117700003	0,118500002	0,118299998	0,1197	0,120099999	0,119999997	0,120899998	0,121100001	0,122199997	0,122199997	0,123300001	0,123899996	0,123800002	0,1237	0,125799999	0,126900002	0,127100006	0,127800003	0,128000006	0,127599999	0,128099993	0,129999995	0,131200001	0,132200003	0,132100001	0,131899998	0,133399993	0,135700002	0,135900006	0,137199998	0,137799993	0,140000001	0,140699998	0,142399997	0,144099995	0,144899994	0,145500004	0,145699993	0,147799999	0,150299996	0,149299994	0,153099999	0,1523	0,153799996	0,155900002	0,158299997	0,160400003	0,165299997	0,165299997	0,168500006	0,172499999	0,175500005	0,176599994	0,178900003	0,180500001	0,181799993	0,185599998	0,188899994	0,192499995	0,195199996	0,197799996	0,202099994	0,204799995	0,207599998	0,217099994	0,224999994	0,228100002	0,233199999	0,238600001	0,241699994	0,245499998	0,248799995	0,251300007	0,255899996	0,257999986	0,262400001	0,263999999	0,26730001	0,269899994	0,272599995	0,276600003	0,277399987	0,279100001	0,285100013	0,284500003	0,291099995	0,293199986	0,2958	0,297300011	0,300199986	0,30309999	0,307999998	0,308200002	0,317799985	0,316000015	0,318599999	0,321099997	0,324900001	0,329899997	0,331499994	0,333000004	0,335799992	0,338499993	0,340700001	0,342400014	0,347000003	0,347900003	0,352400005	0,356099993	0,355800003	0,360700011	0,361200005	0,363999993	0,367500007	0,369599998	0,370599985	0,372799993	0,37560001	0,380199999	0,379700005	0,384200007	0,387400001	0,386999995	0,391499996	0,394699991	0,396600008	0,396299988	0,397899985	0,404599994	0,40110001	0,407400012	0,407400012	0,4111	0,412099987	0,412699997	0,411799997	0,414799988	0,415600002	0,412999988	0,412800014	0,412499994	0,414900005	0,413300008	0,415100008	0,413399994	0,412099987	0,412600011	0,412999988	0,415100008	0,413500011	0,415100008	0,411900014	0,412999988	0,416700006	0,412999988	0,412600011	0,414000005	0,414299995	0,413100004	0,412800014	0,413700014	0,412800014	0,414900005	0,415600002	0,414099991	0,415300012	0,416700006	0,416900009	0,417400002	0,415199995	0,416299999	0,416500002	0,417400002	0,417499989	0,419200003	0,416200012	0,417499989	0,420300007	0,419800013	0,421400011	0,418500006	0,420599997	0,421799988	0,418500006	0,422800004	0,422300011	0,422899991	0,421700001	0,422600001	0,422199994	0,424199998	0,425000012	0,424600005	0,423700005	0,425399989	0,425099999	0,425199986	0,427300006	0,4278	0,427700013	0,42719999	0,426299989	0,428299993	0,425900012	0,427899987	0,4287	0,4287	0,429699987	0,430099994	0,432500005	0,432000011	0,434599996	0,432300001	0,432200015	0,433200002	0,431699991	0,434399992	0,435400009	0,435299993	0,435799986	0,434899986	0,4366	0,4366	0,435200006	0,438499987	0,436199993	0,439599991	0,437700003	0,437700003	0,437900007
D4	0,114100002	0,1083	0,1061	0,105400003	0,104699999	0,105800003	0,106799997	0,108199999	0,108800001	0,108800001	0,111100003	0,110600002	0,1153	0,1118	0,113300003	0,113499999	0,114399999	0,115099996	0,116700001	0,116899997	0,117799997	0,1184	0,1184	0,118600003	0,118100002	0,1184	0,1193	0,1206	0,119900003	0,1206	0,121200003	0,121200003	0,121699996	0,121399999	0,121399999	0,122199997	0,1219	0,122000001	0,122400001	0,122000001	0,122100003	0,122400001	0,123099998	0,123099998	0,123999998	0,123499997	0,123999998	0,123400003	0,124499999	0,1241	0,125	0,125699997	0,125	0,1259	0,126200005	0,126699999	0,126800001	0,126900002	0,127000004	0,128700003	0,128700003	0,128999993	0,130099997	0,1303	0,130999997	0,130799994	0,130999997	0,131699994	0,132200003	0,132599995	0,134100005	0,132799998	0,135000005	0,135499999	0,135199994	0,135900006	0,136600003	0,136000007	0,137899995	0,138099998	0,138799995	0,139899999	0,140100002	0,140300006	0,141800001	0,142700002	0,142900005	0,144299999	0,144600004	0,143999994	0,145199999	0,1461	0,147499993	0,148200005	0,149900004	0,150099993	0,151199996	0,151700005	0,152799994	0,154699996	0,154699996	0,155499995	0,156800002	0,158600003	0,158399999	0,159500003	0,160699993	0,160799995	0,162799999	0,163499996	0,164100006	0,165800005	0,166899994	0,168500006	0,170100003	0,172299996	0,172299996	0,174799994	0,175999999	0,177300006	0,179499999	0,181099996	0,183400005	0,186100006	0,187700003	0,189400002	0,197500005	0,209600002	0,217399999	0,219400004	0,223299995	0,2271	0,230800003	0,233199999	0,238000005	0,240400001	0,244299993	0,248600006	0,25029999	0,254000008	0,256900012	0,26030001	0,263900012	0,266099989	0,268299997	0,271899998	0,275099993	0,2764	0,279700011	0,282299995	0,285299987	0,287299991	0,290199995	0,293799996	0,293300003	0,296499997	0,299199998	0,30250001	0,303000003	0,305799991	0,306400001	0,311100006	0,314999998	0,316500008	0,320300013	0,323399991	0,322400004	0,324200004	0,327800006	0,332199991	0,332700014	0,336600006	0,33950001	0,342200011	0,342299998	0,34709999	0,34920001	0,352800012	0,351200014	0,354299992	0,358900011	0,360599995	0,364100009	0,364300013	0,369399995	0,369700015	0,372999996	0,375200003	0,379099995	0,381199986	0,382400006	0,387400001	0,387199998	0,3935	0,393599987	0,396699995	0,398099989	0,396100014	0,400700003	0,400400013	0,403100014	0,405099988	0,407900006	0,408100009	0,408300012	0,406199992	0,409099996	0,407299995	0,405400008	0,404700011	0,405299991	0,407799989	0,408100009	0,406300008	0,406500012	0,405699998	0,408499986	0,406300008	0,407900006	0,409500003	0,41080001	0,407599986	0,407599986	0,408600003	0,406199992	0,408699989	0,408600003	0,40959999	0,406599998	0,405600011	0,407900006	0,407499999	0,409999996	0,406699985	0,407999992	0,408199996	0,408399999	0,410600007	0,411199987	0,411900014	0,407799989	0,408399999	0,407700002	0,40990001	0,409000009	0,411000013	0,411900014	0,412999988	0,412999988	0,413199991	0,411900014	0,412299991	0,416299999	0,413899988	0,414600015	0,415399998	0,415600002	0,414999992	0,414600015	0,416099995	0,419400007	0,418199986	0,41870001	0,414799988	0,41929999	0,421099991	0,42019999	0,419099987	0,423200011	0,422399998	0,421799988	0,42050001	0,423299998	0,421200007	0,422399998	0,420899987	0,423299998	0,426899999	0,422399998	0,424600005	0,425799996	0,425799996	0,427899987	0,425799996	0,425700009	0,426400006	0,428299993	0,428799987	0,426600009	0,42750001	0,428900003	0,430900007	0,429500014	0,430099994	0,430000007	0,429100007	0,430000007	0,428900003	0,431199998	0,431899995
D5	0,123899996	0,117299996	0,114600003	0,113899998	0,114399999	0,113899998	0,114399999	0,116700001	0,119499996	0,116700001	0,1206	0,124799997	0,124300003	0,125	0,122400001	0,122500002	0,123300001	0,123599999	0,124799997	0,125499994	0,126499996	0,127599999	0,128099993	0,128999993	0,128900006	0,1294	0,130799994	0,131099999	0,131500006	0,131600007	0,131999999	0,132599995	0,132200003	0,133200005	0,133200005	0,134200007	0,134100005	0,134599999	0,134200007	0,133900002	0,134200007	0,1347	0,135100007	0,135700002	0,136000007	0,136199996	0,136500001	0,135000005	0,136500001	0,136299998	0,136800006	0,136500001	0,136999995	0,138099998	0,137999997	0,138500005	0,138400003	0,138799995	0,138999999	0,139599994	0,140100002	0,140499994	0,141299993	0,142000005	0,141399994	0,141900003	0,141599998	0,142199993	0,1426	0,142499998	0,144400001	0,1426	0,144600004	0,144800007	0,145400003	0,144999996	0,145799994	0,145699993	0,147400007	0,147599995	0,148800001	0,149299994	0,149100006	0,150000006	0,1514	0,151500002	0,152199998	0,152999997	0,152899995	0,152199998	0,153699994	0,154400006	0,155900002	0,156499997	0,157199994	0,156299993	0,158199996	0,158600003	0,159500003	0,161500007	0,161599994	0,163200006	0,163900003	0,165299997	0,165800005	0,165399998	0,166800007	0,166800007	0,169300005	0,169799998	0,170599997	0,171299994	0,171499997	0,175600007	0,173199996	0,1743	0,1752	0,175999999	0,176699996	0,180500001	0,1822	0,184100002	0,184900001	0,187099993	0,1866	0,187399998	0,190300003	0,193299994	0,195800006	0,197300002	0,204300001	0,214900002	0,220200002	0,225899994	0,230599999	0,231399998	0,235799998	0,239299998	0,241300002	0,245199993	0,248300001	0,251899987	0,25150001	0,255199999	0,257800013	0,261099994	0,261599988	0,266200006	0,265700012	0,270099998	0,271600008	0,275099993	0,27790001	0,278699994	0,280600011	0,283699989	0,28670001	0,289099991	0,289000005	0,292400002	0,2958	0,296900004	0,296999991	0,300199986	0,304199994	0,307300001	0,305799991	0,308200002	0,313600004	0,316199988	0,315699995	0,319200009	0,320899993	0,323599994	0,324499995	0,326900005	0,330000013	0,333600014	0,334300011	0,335599989	0,3389	0,338099986	0,342500001	0,345299989	0,34740001	0,34889999	0,3486	0,351500005	0,354299992	0,356599987	0,359600008	0,360599995	0,362100005	0,364399999	0,364399999	0,368800014	0,371399999	0,370700002	0,37529999	0,373400003	0,376599997	0,379299998	0,381199986	0,381099999	0,38409999	0,386999995	0,387400001	0,385800004	0,383899987	0,385899991	0,385800004	0,384900004	0,38409999	0,38530001	0,382600009	0,3847	0,386000007	0,3847	0,38530001	0,38350001	0,382800013	0,385199994	0,384900004	0,385199994	0,384499997	0,387300014	0,386500001	0,388000011	0,384299994	0,386299998	0,386400014	0,385100007	0,387499988	0,38499999	0,387899995	0,387400001	0,389299989	0,388799995	0,389600009	0,389600009	0,388999999	0,388999999	0,387499988	0,389699996	0,389899999	0,387699991	0,389800012	0,389400005	0,389499992	0,389999986	0,390199989	0,390500009	0,39230001	0,390199989	0,390399992	0,392399997	0,391299993	0,392800003	0,391200006	0,391900003	0,394400001	0,394699991	0,394499987	0,3935	0,393099993	0,396499991	0,395799994	0,397300005	0,397799999	0,395700008	0,396800011	0,395999998	0,398400009	0,396200001	0,395999998	0,396499991	0,396600008	0,398699999	0,398799986	0,399300009	0,40110001	0,399899989	0,401600003	0,400200009	0,40079999	0,40259999	0,400299996	0,403499991	0,405099988	0,402099997	0,404599994	0,403699994	0,404000014	0,403400004	0,403899997	0,405400008	0,404599994	0,407599986	0,405000001	0,407200009
D6	0,120499998	0,111299999	0,109200001	0,108800001	0,109200001	0,108900003	0,109300002	0,110299997	0,112999998	0,112000003	0,113499999	0,115800001	0,114799999	0,115599997	0,117399998	0,117799997	0,1184	0,119199999	0,119900003	0,121100001	0,1215	0,122100003	0,122199997	0,123000003	0,123499997	0,123999998	0,124399997	0,125200003	0,125599995	0,124600001	0,126300007	0,126100004	0,126800001	0,126699999	0,127299994	0,127399996	0,126800001	0,127900004	0,127800003	0,128000006	0,128399998	0,128299996	0,128000006	0,128600001	0,129500002	0,129700005	0,1294	0,128800005	0,129600003	0,129999995	0,130899996	0,1303	0,130199999	0,131200001	0,131500006	0,131200001	0,131799996	0,132699996	0,132499993	0,132799998	0,133499995	0,133499995	0,133699998	0,134800002	0,134900004	0,135100007	0,134599999	0,135399997	0,1373	0,1373	0,137700006	0,137400001	0,137400001	0,138999999	0,139799997	0,140499994	0,140300006	0,140599996	0,142000005	0,142700002	0,143600002	0,143900007	0,144199997	0,145300001	0,146799996	0,147599995	0,148300007	0,148599997	0,150099993	0,1505	0,1514	0,152500004	0,153699994	0,155300006	0,154799998	0,1558	0,156499997	0,157299995	0,159099996	0,160500005	0,1611	0,162900001	0,163699999	0,1655	0,165800005	0,166700006	0,169	0,167899996	0,170399994	0,171599999	0,172000006	0,173700005	0,1752	0,177200004	0,178599998	0,180800006	0,181199998	0,182699993	0,182799995	0,186299995	0,185800001	0,188500002	0,186399996	0,193100005	0,197899997	0,218799993	0,226899996	0,232099995	0,236300007	0,239800006	0,243599996	0,247999996	0,249300003	0,253899992	0,256900012	0,257600009	0,262800008	0,265300006	0,268599987	0,270799994	0,273999989	0,274500012	0,278699994	0,280699998	0,283399999	0,286799997	0,288599998	0,289600015	0,293199986	0,296200007	0,297699988	0,301600009	0,3037	0,304500014	0,307200015	0,308800012	0,313899994	0,314399987	0,318100005	0,318800002	0,321799994	0,323599994	0,328099996	0,327600002	0,331699997	0,332199991	0,334300011	0,337599993	0,341899991	0,343499988	0,346300006	0,34830001	0,349999994	0,351099998	0,354699999	0,356299996	0,358099997	0,361600012	0,363499999	0,36649999	0,367000014	0,3741	0,372500002	0,37650001	0,377600014	0,377600014	0,379999995	0,384600013	0,3838	0,388399988	0,388599992	0,388399988	0,390700012	0,393900007	0,393599987	0,391099989	0,395200014	0,3926	0,394499987	0,393000007	0,392800003	0,391600013	0,393400013	0,391799986	0,392699987	0,391299993	0,393099993	0,394899994	0,393700004	0,392699987	0,394300014	0,39230001	0,391799986	0,393999994	0,391499996	0,395399988	0,393700004	0,393599987	0,395099998	0,395200014	0,39320001	0,396100014	0,394499987	0,395700008	0,395999998	0,394300014	0,395000011	0,395099998	0,397899985	0,395599991	0,395399988	0,395999998	0,396499991	0,397500008	0,397300005	0,397300005	0,397500008	0,398900002	0,400700003	0,399599999	0,398699999	0,40110001	0,401600003	0,400900006	0,398200005	0,40079999	0,400900006	0,400400013	0,402399987	0,399899989	0,404100001	0,402399987	0,403699994	0,402799994	0,4023	0,40290001	0,404399991	0,405200005	0,404599994	0,405400008	0,404000014	0,405499995	0,407200009	0,407999992	0,406300008	0,405200005	0,408499986	0,409799993	0,408499986	0,406399995	0,409799993	0,408499986	0,408199996	0,4111	0,410299987	0,411799997	0,410400003	0,408100009	0,40959999	0,412600011	0,412800014	0,411799997	0,414700001	0,411500007	0,41080001	0,414000005	0,415300012	0,416299999	0,415399998	0,418000013	0,416099995	0,417100012	0,418000013	0,416900009	0,416599989	0,414900005	0,418000013	0,414799988	0,416700006	0,416299999
D7	0,112199999	0,109999999	0,112300001	0,114100002	0,115000002	0,112400003	0,115400001	0,112999998	0,113499999	0,115599997	0,1171	0,114699997	0,119800001	0,115000002	0,117200002	0,115000002	0,115599997	0,1162	0,117399998	0,1184	0,118699998	0,119599998	0,120200001	0,120999999	0,121299997	0,1219	0,122500002	0,123599999	0,123499997	0,1241	0,125200003	0,124899998	0,126399994	0,126499996	0,125599995	0,126699999	0,126399994	0,127000004	0,127200007	0,127200007	0,127299994	0,127800003	0,127900004	0,128999993	0,128900006	0,128999993	0,128800005	0,128800005	0,1294	0,129600003	0,1294	0,129800007	0,129899994	0,1303	0,130500004	0,1303	0,130799994	0,130899996	0,131099999	0,131200001	0,131799996	0,132699996	0,1329	0,133100003	0,133200005	0,133100003	0,133399993	0,133000001	0,133499995	0,134399995	0,134299994	0,134100005	0,134499997	0,134800002	0,135900006	0,135800004	0,135700002	0,136299998	0,1373	0,136999995	0,138400003	0,137799993	0,137799993	0,137999997	0,138999999	0,139500007	0,140200004	0,140799999	0,140200004	0,141000003	0,140799999	0,141800001	0,142100006	0,142399997	0,143099993	0,142800003	0,143600002	0,143900007	0,144700006	0,145199999	0,145600006	0,145600006	0,146599993	0,147200003	0,147400007	0,149200007	0,148599997	0,148900002	0,148800001	0,150000006	0,149800003	0,149800003	0,150900006	0,1514	0,151999995	0,152899995	0,152899995	0,153899997	0,153799996	0,154799998	0,154499993	0,156100005	0,1558	0,156900004	0,158700004	0,157600001	0,157399997	0,159600005	0,160699993	0,159799993	0,1611	0,1611	0,162100002	0,162599996	0,162599996	0,163299993	0,163399994	0,165900007	0,164100006	0,165999994	0,165800005	0,167199999	0,167999998	0,170100003	0,169699997	0,168500006	0,169300005	0,172299996	0,1734	0,173999995	0,175400004	0,175300002	0,175899997	0,176799998	0,178900003	0,176799998	0,1787	0,179299995	0,181299999	0,182400003	0,184400007	0,184	0,183699995	0,1884	0,198599994	0,202800006	0,203199998	0,206400007	0,208499998	0,211099997	0,213799998	0,2148	0,216100007	0,2183	0,220300004	0,222299993	0,223900005	0,226600006	0,228200004	0,2315	0,234099999	0,234400004	0,2359	0,239199996	0,243100002	0,2421	0,244599998	0,245700002	0,247600004	0,250400007	0,252600014	0,251899987	0,252900004	0,256500006	0,256900012	0,25909999	0,262499988	0,261700004	0,264400005	0,266099989	0,267500013	0,268099993	0,269899994	0,270599991	0,272599995	0,272300005	0,273600012	0,277700007	0,277200013	0,279199988	0,280499995	0,282799989	0,284399986	0,28549999	0,287499994	0,290100008	0,290699989	0,294099987	0,29429999	0,294099987	0,298299998	0,299100012	0,299800009	0,299800009	0,301600009	0,303600013	0,305700004	0,306699991	0,308999985	0,310900003	0,314999998	0,311800003	0,314300001	0,315600008	0,316199988	0,319200009	0,3222	0,317400008	0,324000001	0,325100005	0,327399999	0,327499986	0,328200012	0,329600006	0,328900009	0,331699997	0,331999987	0,332899988	0,334300011	0,335299999	0,334399998	0,331499994	0,332500011	0,33129999	0,33070001	0,332800001	0,333200008	0,331699997	0,333900005	0,330300003	0,331900001	0,331699997	0,332100004	0,330599993	0,33160001	0,328299999	0,333600014	0,331900001	0,331	0,331999987	0,330300003	0,332700014	0,330599993	0,331499994	0,333200008	0,333400011	0,32980001	0,332399994	0,333200008	0,334300011	0,335399985	0,334399998	0,333799988	0,332800001	0,333499998	0,334600002	0,334100008	0,334899992	0,334100008	0,336699992	0,335999995	0,335700005	0,337099999	0,335299999	0,335999995	0,337000012	0,337599993	0,338099986	0,336199999	0,337300003
D8	0,116599999	0,1118	0,111199997	0,106899999	0,106799997	0,108900003	0,109099999	0,112199999	0,111100003	0,111299999	0,116499998	0,115400001	0,117299996	0,114500001	0,116099998	0,116499998	0,118000001	0,119900003	0,120899998	0,122699998	0,122699998	0,122400001	0,123199999	0,124499999	0,124300003	0,125100002	0,125200003	0,126300007	0,127299994	0,127000004	0,127000004	0,127900004	0,128199995	0,127299994	0,128099993	0,128399998	0,129099995	0,129199997	0,128900006	0,129199997	0,130199999	0,129500002	0,1303	0,131200001	0,130899996	0,130700007	0,131099999	0,130600005	0,130999997	0,131500006	0,131999999	0,132300004	0,132499993	0,132599995	0,132599995	0,133499995	0,134399995	0,1338	0,134100005	0,134399995	0,134499997	0,134800002	0,135800004	0,136299998	0,136999995	0,136199996	0,137600005	0,137500003	0,137600005	0,137799993	0,138600007	0,138699993	0,139699996	0,139699996	0,140699998	0,140699998	0,141000003	0,140599996	0,142199993	0,142499998	0,144600004	0,143600002	0,144199997	0,143399999	0,145199999	0,144999996	0,145300001	0,146899998	0,147400007	0,147	0,148300007	0,148499995	0,150900006	0,150700003	0,150199994	0,151700005	0,152799994	0,153200001	0,152799994	0,154899999	0,155000001	0,156000003	0,156200007	0,158500001	0,158500001	0,159500003	0,159999996	0,159899995	0,163000003	0,163100004	0,163200006	0,163800001	0,165399998	0,167099997	0,166700006	0,169	0,168599993	0,170399994	0,171599999	0,172199994	0,172499999	0,174700007	0,174899995	0,176100001	0,177200004	0,176799998	0,178800002	0,180899993	0,181799993	0,181799993	0,185000002	0,185100004	0,185499996	0,187199995	0,189300001	0,189899996	0,193800002	0,199300006	0,204999998	0,207300007	0,211300001	0,213699996	0,216800004	0,219500005	0,223100007	0,224600002	0,228599995	0,231600001	0,231800005	0,234699994	0,2377	0,241699994	0,243900001	0,246199995	0,248300001	0,249300003	0,251399994	0,254599988	0,256900012	0,257800013	0,259299994	0,261500001	0,263300002	0,265899986	0,26820001	0,270900011	0,272100002	0,273400009	0,273799986	0,278699994	0,280999988	0,280900002	0,283600003	0,2852	0,286799997	0,288399994	0,290600002	0,291299999	0,293799996	0,297300011	0,296499997	0,301999986	0,302700013	0,303000003	0,306899995	0,307700008	0,308800012	0,310400009	0,313800007	0,316100001	0,317499995	0,320100009	0,320199996	0,325599998	0,326799989	0,3301	0,33039999	0,330900013	0,332100004	0,335299999	0,335900009	0,34040001	0,339399993	0,343100011	0,344099998	0,344799995	0,346899986	0,349000007	0,349400014	0,351700008	0,353300005	0,352299988	0,356400013	0,356400013	0,356000006	0,354699999	0,355199993	0,351900011	0,353599995	0,353100002	0,355599999	0,355100006	0,355699986	0,354999989	0,354600012	0,355300009	0,356299996	0,354999989	0,354000002	0,354799986	0,356099993	0,352299988	0,351700008	0,35589999	0,353500009	0,352499992	0,355699986	0,356099993	0,354600012	0,354299992	0,355800003	0,354299992	0,353300005	0,352299988	0,356000006	0,354099989	0,356700003	0,351900011	0,354499996	0,355599999	0,354799986	0,355100006	0,354299992	0,356900007	0,354699999	0,353300005	0,356599987	0,355599999	0,355100006	0,354000002	0,355300009	0,356299996	0,356299996	0,355800003	0,354699999	0,357199997	0,356900007	0,356999993	0,355100006	0,35710001	0,357800007	0,358099997	0,359699994	0,359600008	0,359499991	0,357499987	0,358099997	0,358500004	0,359899998	0,360500008	0,361699998	0,361000001	0,361499995	0,362300009	0,362100005	0,362800002	0,363299996	0,363299996	0,364300013	0,362500012	0,363799989	0,362800002	0,364800006	0,36500001	0,364300013	0,3653	0,36649999	0,366899997	0,364399999	0,3653
D9	0,116300002	0,1193	0,110600002	0,108400002	0,1109	0,113300003	0,116800003	0,114600003	0,116999999	0,112000003	0,125	0,116300002	0,1184	0,116400003	0,1206	0,118600003	0,119599998	0,120300002	0,120800003	0,122299999	0,123300001	0,123800002	0,124600001	0,126000002	0,125599995	0,126499996	0,127299994	0,127700001	0,128299996	0,128299996	0,128800005	0,1294	0,129299998	0,1294	0,130099997	0,130700007	0,130700007	0,130899996	0,131300002	0,131300002	0,131400004	0,131699994	0,131300002	0,132599995	0,132499993	0,132699996	0,132699996	0,131899998	0,133100003	0,132599995	0,133200005	0,133200005	0,132599995	0,134200007	0,1338	0,134100005	0,1338	0,1347	0,133599997	0,133900002	0,134499997	0,135000005	0,1347	0,135100007	0,134900004	0,135199994	0,135499999	0,134900004	0,135700002	0,136099994	0,136000007	0,135600001	0,136000007	0,136199996	0,137199998	0,136999995	0,136600003	0,1373	0,137700006	0,136999995	0,1382	0,138099998	0,137700006	0,138099998	0,139200002	0,138400003	0,138500005	0,1391	0,139200002	0,138600007	0,139200002	0,139799997	0,139899999	0,139899999	0,140599996	0,140900001	0,140499994	0,140499994	0,140799999	0,141200006	0,141499996	0,142199993	0,1426	0,142800003	0,143600002	0,142000005	0,143199995	0,143000007	0,143099993	0,143299997	0,143800005	0,143900007	0,144600004	0,144999996	0,144400001	0,144999996	0,145300001	0,145199999	0,146200001	0,145999998	0,144700006	0,146200001	0,1461	0,147	0,146899998	0,146400005	0,146400005	0,147	0,147499993	0,148100004	0,147100002	0,147400007	0,148900002	0,148200005	0,148699999	0,148800001	0,149499997	0,149200007	0,149599999	0,149399996	0,150099993	0,150700003	0,150999993	0,150700003	0,151099995	0,151800007	0,151800007	0,152700007	0,152500004	0,153099999	0,153899997	0,153600007	0,153400004	0,154699996	0,154200003	0,154499993	0,154599994	0,154899999	0,157199994	0,155399993	0,156200007	0,157000005	0,156200007	0,157199994	0,157600001	0,157000005	0,156499997	0,157100007	0,158700004	0,159400001	0,159799993	0,158500001	0,159700006	0,1611	0,161300004	0,161699995	0,162100002	0,161699995	0,162300006	0,164299995	0,164000005	0,164000005	0,165299997	0,166899994	0,166800007	0,1664	0,167999998	0,170300007	0,174799994	0,180600002	0,183799997	0,185399994	0,186000004	0,187900007	0,188700005	0,189799994	0,190899998	0,190899998	0,192699999	0,193700001	0,194399998	0,195299998	0,1963	0,196799994	0,197300002	0,198699996	0,199200004	0,200200006	0,201900005	0,202099994	0,202500001	0,202299997	0,204500005	0,204999998	0,207000002	0,208499998	0,208900005	0,2095	0,211600006	0,212699994	0,213599995	0,214499995	0,216000006	0,215700001	0,216800004	0,217500001	0,218899995	0,219899997	0,220400006	0,221100003	0,220500007	0,223100007	0,223199993	0,224399999	0,225099996	0,225899994	0,225500003	0,226500005	0,226400003	0,227799997	0,228599995	0,229200006	0,229499996	0,230599999	0,232099995	0,231099993	0,231700003	0,232800007	0,232899994	0,235699996	0,235200003	0,235400006	0,238399997	0,2377	0,237100005	0,238999993	0,240199998	0,242400005	0,2412	0,244200006	0,243599996	0,243000001	0,244900003	0,246199995	0,246800005	0,248500004	0,247799993	0,250099987	0,251100004	0,250499994	0,251800001	0,253100008	0,254400015	0,252600014	0,255100012	0,256000012	0,257099986	0,257200003	0,257999986	0,261599988	0,262800008	0,263700008	0,264299989	0,264600009	0,262400001	0,266900003	0,267699987	0,268900007	0,270099998	0,270799994	0,272599995	0,272000015	0,271899998	0,271200001	0,272599995	0,273699999	0,273600012	0,275599986	0,270500004	0,273900002
D10	0,109999999	0,107600003	0,115099996	0,1149	0,107500002	0,116800003	0,111900002	0,107500002	0,1087	0,115900002	0,108599998	0,1105	0,1105	0,1118	0,112599999	0,1131	0,118699998	0,120999999	0,115500003	0,117799997	0,119199999	0,122100003	0,123999998	0,122500002	0,122500002	0,122299999	0,122500002	0,123199999	0,1228	0,122599997	0,123199999	0,123800002	0,123999998	0,124399997	0,124600001	0,124700002	0,123899996	0,124799997	0,124499999	0,124899998	0,125200003	0,124899998	0,125200003	0,1259	0,125499994	0,125599995	0,125699997	0,125200003	0,125599995	0,126399994	0,126599997	0,126300007	0,126300007	0,126599997	0,126499996	0,127000004	0,126399994	0,126699999	0,127299994	0,127399996	0,127499998	0,127200007	0,127800003	0,128000006	0,128000006	0,127599999	0,127700001	0,1285	0,128099993	0,128800005	0,128900006	0,128800005	0,128600001	0,128700003	0,128800005	0,128999993	0,128900006	0,128999993	0,129700005	0,129600003	0,130099997	0,129999995	0,129999995	0,129700005	0,130700007	0,1303	0,130700007	0,131400004	0,130199999	0,130700007	0,130400002	0,131200001	0,131999999	0,131899998	0,131799996	0,131200001	0,132200003	0,132400006	0,132300004	0,132499993	0,132300004	0,132300004	0,1329	0,132799998	0,133399993	0,133300006	0,133499995	0,1329	0,133300006	0,133300006	0,133399993	0,134299994	0,133499995	0,134399995	0,134200007	0,134399995	0,133900002	0,134900004	0,134299994	0,134499997	0,134499997	0,134599999	0,134200007	0,135299996	0,134800002	0,134800002	0,135100007	0,135199994	0,136199996	0,135600001	0,136000007	0,136000007	0,136399999	0,135900006	0,137099996	0,135700002	0,136099994	0,136099994	0,136999995	0,1373	0,1373	0,136600003	0,137400001	0,137999997	0,137400001	0,138400003	0,1382	0,138400003	0,138600007	0,139200002	0,138600007	0,139300004	0,138799995	0,139300004	0,138500005	0,139400005	0,139200002	0,139200002	0,140400007	0,140400007	0,140300006	0,140300006	0,142000005	0,141200006	0,141000003	0,140300006	0,1417	0,1417	0,142900005	0,1426	0,141800001	0,143199995	0,142900005	0,142399997	0,142499998	0,143399999	0,1435	0,143700004	0,144400001	0,144400001	0,144999996	0,144600004	0,144600004	0,144099995	0,144999996	0,145400003	0,145300001	0,1461	0,145899996	0,145699993	0,145899996	0,147599995	0,147	0,147799999	0,147100002	0,146599993	0,146500006	0,146899998	0,146799996	0,146899998	0,146699995	0,147799999	0,147400007	0,146899998	0,147799999	0,148900002	0,148699999	0,148000002	0,148100004	0,148599997	0,148599997	0,148300007	0,149100006	0,148499995	0,148399994	0,148699999	0,149399996	0,150000006	0,150099993	0,150299996	0,151500002	0,150999993	0,150700003	0,151700005	0,151999995	0,1523	0,152099997	0,152899995	0,154100001	0,155300006	0,155900002	0,157100007	0,158299997	0,157800004	0,158899993	0,159500003	0,159500003	0,1602	0,161799997	0,161599994	0,161699995	0,161400005	0,162499994	0,163200006	0,163800001	0,164800003	0,164299995	0,165999994	0,166199997	0,166199997	0,166800007	0,167600006	0,167099997	0,168400005	0,167799994	0,168699995	0,168799996	0,169100001	0,171100006	0,171900004	0,172499999	0,173299998	0,173500001	0,174500003	0,173500001	0,174600005	0,175899997	0,176200002	0,177699998	0,176599994	0,178299993	0,178599998	0,177900001	0,177300006	0,180099994	0,179700002	0,179299995	0,180899993	0,181400001	0,180800006	0,181400001	0,182600006	0,181099996	0,180800006	0,181899995	0,183799997	0,183899999	0,183899999	0,182699993	0,184900001	0,185100004	0,186900005	0,185399994	0,184499994	0,185100004	0,187199995	0,185499996	0,184599996	0,186000004	0,186900005
D11	0,118799999	0,116499998	0,115900002	0,1083	0,108999997	0,117700003	0,115900002	0,116099998	0,116400003	0,115999997	0,124300003	0,115599997	0,113499999	0,122400001	0,116400003	0,116099998	0,116800003	0,117799997	0,1184	0,120099999	0,119199999	0,120499998	0,121600002	0,122400001	0,1228	0,1241	0,124399997	0,124799997	0,124899998	0,124499999	0,125699997	0,125599995	0,126000002	0,126200005	0,126399994	0,126800001	0,126599997	0,126699999	0,126699999	0,127499998	0,127399996	0,127299994	0,127599999	0,127900004	0,128199995	0,128199995	0,128199995	0,128199995	0,127499998	0,128700003	0,1285	0,128900006	0,128999993	0,128600001	0,129600003	0,129899994	0,128999993	0,129299998	0,129700005	0,130500004	0,129700005	0,129500002	0,130099997	0,129899994	0,130999997	0,130799994	0,129999995	0,130600005	0,131099999	0,130600005	0,130899996	0,131200001	0,130799994	0,131699994	0,131699994	0,131699994	0,131400004	0,131600007	0,132100001	0,131799996	0,132599995	0,132499993	0,132499993	0,132599995	0,1338	0,133000001	0,133100003	0,1338	0,133200005	0,133499995	0,134000003	0,1338	0,134399995	0,134499997	0,135399997	0,136000007	0,134800002	0,135199994	0,135499999	0,135199994	0,136199996	0,136600003	0,135800004	0,136399999	0,136299998	0,136000007	0,136899993	0,135800004	0,136899993	0,136999995	0,136700004	0,136700004	0,137700006	0,136999995	0,1373	0,137700006	0,137799993	0,137099996	0,137899995	0,138300002	0,138099998	0,138400003	0,138400003	0,139200002	0,139400005	0,1391	0,139599994	0,139599994	0,139500007	0,139300004	0,140499994	0,140000001	0,140499994	0,140000001	0,141800001	0,140499994	0,140499994	0,141599998	0,1426	0,142100006	0,142399997	0,142900005	0,143000007	0,143900007	0,1426	0,142900005	0,144299999	0,144700006	0,144600004	0,144899994	0,144400001	0,144700006	0,145799994	0,145500004	0,145500004	0,145199999	0,146400005	0,1461	0,146500006	0,146699995	0,146799996	0,147799999	0,147499993	0,148200005	0,148399994	0,148800001	0,148300007	0,148900002	0,148900002	0,150399998	0,149700001	0,149399996	0,150800005	0,150600001	0,150800005	0,151099995	0,150199994	0,151500002	0,151199996	0,152400002	0,152999997	0,152799994	0,152899995	0,154100001	0,154200003	0,154499993	0,155200005	0,156000003	0,155499995	0,1567	0,157000005	0,157299995	0,157399997	0,158399999	0,158800006	0,157700002	0,158500001	0,159600005	0,158999994	0,159299999	0,160500005	0,159400001	0,161500007	0,161799997	0,162200004	0,163399994	0,164199993	0,167300001	0,170900002	0,173600003	0,176100001	0,176200002	0,178000003	0,179399997	0,180899993	0,179800004	0,181199998	0,182099998	0,182600006	0,1822	0,183599994	0,184	0,184400007	0,184300005	0,185299993	0,185800001	0,186299995	0,188099995	0,187399998	0,188500002	0,188600004	0,188800007	0,188899994	0,188999996	0,191100001	0,190899998	0,193200007	0,192300007	0,192599997	0,194299996	0,193700001	0,194100007	0,195199996	0,197300002	0,196099997	0,198200002	0,197500005	0,199699998	0,200100005	0,200499997	0,202700004	0,2016	0,202999994	0,202600002	0,203400001	0,205699995	0,205699995	0,205699995	0,206100002	0,205899999	0,206900001	0,207399994	0,208100006	0,2095	0,209199995	0,209000006	0,210600004	0,209800005	0,210600004	0,210299999	0,209999993	0,2104	0,211899996	0,210800007	0,211799994	0,211600006	0,210800007	0,211300001	0,211799994	0,213499993	0,213200003	0,214100003	0,214599997	0,216100007	0,214200005	0,2148	0,216399997	0,216100007	0,217299998	0,216100007	0,215800002	0,218799993	0,216000006	0,217999995	0,218799993	0,219699994	0,218899995	0,220699996	0,220599994	0,2227
D12	0,109399997	0,106700003	0,105300002	0,105700001	0,106299996	0,107000001	0,108099997	0,109300002	0,109999999	0,109899998	0,111900002	0,113600001	0,113899998	0,1153	0,117200002	0,116700001	0,118799999	0,119400002	0,126000002	0,120300002	0,120800003	0,121600002	0,123099998	0,125100002	0,125200003	0,125300005	0,126300007	0,127100006	0,127000004	0,127599999	0,128399998	0,128199995	0,1285	0,1285	0,129500002	0,130999997	0,130400002	0,131500006	0,130999997	0,131799996	0,131799996	0,132499993	0,131699994	0,132599995	0,133499995	0,133699998	0,134299994	0,133300006	0,1347	0,133699998	0,133699998	0,135499999	0,135600001	0,134299994	0,135199994	0,136399999	0,135800004	0,135700002	0,135700002	0,136800006	0,136999995	0,136000007	0,137400001	0,136899993	0,137700006	0,138600007	0,1382	0,138600007	0,138699993	0,139400005	0,138300002	0,140400007	0,138899997	0,139500007	0,141000003	0,140000001	0,139899999	0,140100002	0,140200004	0,141000003	0,142299995	0,141900003	0,1426	0,142000005	0,142000005	0,142100006	0,142299995	0,1426	0,142199993	0,142399997	0,142000005	0,143000007	0,143700004	0,144600004	0,144199997	0,143700004	0,144500002	0,144299999	0,145099998	0,146300003	0,1461	0,145500004	0,145899996	0,146300003	0,146899998	0,147799999	0,1479	0,146799996	0,147300005	0,1479	0,147599995	0,148599997	0,148200005	0,149299994	0,149100006	0,149900004	0,149399996	0,149800003	0,149800003	0,150099993	0,150199994	0,150099993	0,150900006	0,150800005	0,151099995	0,151800007	0,151299998	0,152199998	0,152199998	0,151999995	0,152799994	0,152199998	0,153899997	0,153500006	0,153500006	0,153600007	0,154200003	0,154899999	0,154899999	0,154699996	0,155499995	0,156100005	0,154899999	0,156000003	0,156000003	0,155300006	0,156399995	0,156499997	0,157100007	0,157199994	0,156800002	0,158099994	0,1567	0,158600003	0,157800004	0,158199996	0,158999994	0,159199998	0,159400001	0,159600005	0,1602	0,159899995	0,160500005	0,160099998	0,160699993	0,161799997	0,160600007	0,161599994	0,161799997	0,161500007	0,163000003	0,162499994	0,162699997	0,162799999	0,1646	0,164299995	0,164100006	0,164900005	0,164499998	0,165600002	0,164199993	0,165299997	0,165999994	0,165099993	0,166099995	0,167099997	0,1664	0,166999996	0,167899996	0,167500004	0,167300001	0,168099999	0,168500006	0,170300007	0,169200003	0,169300005	0,170499995	0,1699	0,170300007	0,172299996	0,171900004	0,171499997	0,172600001	0,172299996	0,172700003	0,172600001	0,174700007	0,172700003	0,173999995	0,173899993	0,1734	0,174600005	0,173899993	0,174899995	0,175899997	0,175899997	0,175899997	0,175899997	0,175899997	0,176100001	0,176100001	0,176799998	0,178000003	0,177100003	0,176699996	0,177499995	0,178100005	0,177900001	0,177599996	0,178200006	0,1778	0,177900001	0,179499999	0,176899999	0,179000005	0,178299993	0,180099994	0,180800006	0,179100007	0,180000007	0,180099994	0,179499999	0,179900005	0,181199998	0,179900005	0,1822	0,180500001	0,181099996	0,180800006	0,184200004	0,182699993	0,182999998	0,181799993	0,181700006	0,182099998	0,182699993	0,184100002	0,183699995	0,184100002	0,184499994	0,1866	0,184599996	0,184	0,185299993	0,186399996	0,186399996	0,184499994	0,185699999	0,186499998	0,186499998	0,184100002	0,188899994	0,186399996	0,185900003	0,184499994	0,185699999	0,183300003	0,183300003	0,182699993	0,185000002	0,186000004	0,185900003	0,184100002	0,185100004	0,182600006	0,184499994	0,185499996	0,184200004	0,185100004	0,184699997	0,185399994	0,186700001	0,184599996	0,179299995	0,1831	0,181600004	0,179900005	0,182899997	0,180000007	0,181600004
E1	0,110399999	0,1153	0,126599997	0,1083	0,107500002	0,108499996	0,118100002	0,108900003	0,113700002	0,114299998	0,119900003	0,129299998	0,111400001	0,125699997	0,113600001	0,115099996	0,118900001	0,120700002	0,125	0,127000004	0,127499998	0,127800003	0,127000004	0,123099998	0,124600001	0,123499997	0,123999998	0,124700002	0,125100002	0,125200003	0,126100004	0,125300005	0,125699997	0,126200005	0,126499996	0,127200007	0,127299994	0,127900004	0,1285	0,128000006	0,128800005	0,129800007	0,129999995	0,130400002	0,131699994	0,131500006	0,132499993	0,133200005	0,1338	0,134000003	0,135800004	0,136299998	0,136999995	0,1382	0,138899997	0,140100002	0,141200006	0,141499996	0,142499998	0,145199999	0,145600006	0,1461	0,148200005	0,149599999	0,150299996	0,150900006	0,151800007	0,153799996	0,154799998	0,156100005	0,158399999	0,159500003	0,160099998	0,162699997	0,163399994	0,165000007	0,166299999	0,1699	0,172800004	0,175799996	0,178299993	0,180199996	0,182500005	0,183200002	0,186100006	0,188600004	0,190300003	0,192100003	0,194199994	0,196899995	0,199200004	0,202000007	0,2042	0,207300007	0,210500002	0,217199996	0,220699996	0,224600002	0,228	0,232500002	0,236200005	0,238399997	0,243000001	0,246199995	0,250999987	0,255199999	0,2597	0,261799991	0,267199993	0,272700012	0,275000006	0,280499995	0,284000009	0,289999992	0,29370001	0,298000008	0,301299989	0,305400014	0,309399992	0,3134	0,314900011	0,319099993	0,322899997	0,325599998	0,332100004	0,333600014	0,335799992	0,341399997	0,344799995	0,349099994	0,352100015	0,355599999	0,358799994	0,363099992	0,36649999	0,369700015	0,375400007	0,377600014	0,382499993	0,384000003	0,386900008	0,390500009	0,394499987	0,397899985	0,402700007	0,404900014	0,407599986	0,4111	0,417299986	0,42050001	0,424600005	0,427300006	0,427599996	0,432599992	0,435799986	0,439099997	0,439799994	0,444299996	0,447100013	0,449999988	0,453099996	0,45539999	0,461100012	0,46419999	0,466699988	0,470099986	0,470899999	0,473100007	0,477499992	0,48120001	0,481999993	0,485700011	0,490099996	0,493499994	0,494300008	0,498600006	0,499900013	0,501100004	0,501800001	0,504599988	0,504000008	0,506699979	0,506399989	0,507700026	0,505800009	0,505699992	0,506099999	0,505100012	0,505999982	0,50849998	0,506799996	0,507399976	0,506399989	0,505999982	0,509000003	0,509000003	0,506799996	0,507600009	0,5097	0,507600009	0,509500027	0,507799983	0,511699975	0,507499993	0,50940001	0,509800017	0,509899974	0,512499988	0,511500001	0,510999978	0,513899982	0,513800025	0,512199998	0,512199998	0,512700021	0,513599992	0,511799991	0,515200019	0,513700008	0,514900029	0,514800012	0,516700029	0,516499996	0,516300023	0,518100023	0,517400026	0,518400013	0,518700004	0,518100023	0,518100023	0,519400001	0,51849997	0,521200001	0,519800007	0,521499991	0,522300005	0,519699991	0,521499991	0,523000002	0,524800003	0,521899998	0,523599982	0,523500025	0,523500025	0,52700001	0,525900006	0,526600003	0,5255	0,526600003	0,526000023	0,527499974	0,52700001	0,528100014	0,528900027	0,530900002	0,527999997	0,529799998	0,528199971	0,530099988	0,528500021	0,530700028	0,530499995	0,532100022	0,529600024	0,530399978	0,530300021	0,531099975	0,532000005	0,532000005	0,533100009	0,532999992	0,534799993	0,531700015	0,532199979	0,532100022	0,533200026	0,532700002	0,535899997	0,532700002	0,535899997	0,535700023	0,533399999	0,536599994	0,534300029	0,534600019	0,534099996	0,534399986	0,536899984	0,533399999	0,534600019	0,535000026	0,53609997	0,53549999	0,535700023	0,53670001	0,535899997	0,537400007	0,534300029	0,533299983	0,536199987
E2	0,1149	0,1303	0,144700006	0,136399999	0,141200006	0,137099996	0,136899993	0,1347	0,140300006	0,141800001	0,142000005	0,144600004	0,138699993	0,141900003	0,1391	0,136800006	0,146699995	0,143999994	0,145199999	0,145999998	0,141000003	0,141299993	0,141800001	0,139699996	0,137199998	0,138899997	0,140100002	0,1391	0,137600005	0,137199998	0,138899997	0,138300002	0,140799999	0,141800001	0,1435	0,142700002	0,143700004	0,144999996	0,144500002	0,147499993	0,144400001	0,144400001	0,145500004	0,146500006	0,146599993	0,146599993	0,147599995	0,147599995	0,147300005	0,148599997	0,147799999	0,148800001	0,149900004	0,1505	0,150900006	0,152500004	0,152899995	0,152700007	0,154300004	0,153899997	0,157100007	0,153999999	0,158299997	0,157600001	0,157600001	0,156800002	0,157299995	0,161500007	0,1602	0,160899997	0,160899997	0,161799997	0,164700001	0,165399998	0,1646	0,166299999	0,165000007	0,1655	0,167999998	0,168200001	0,169200003	0,170599997	0,171299994	0,172399998	0,1734	0,175699994	0,173800007	0,175799996	0,176300004	0,176200002	0,177499995	0,179499999	0,180700004	0,182600006	0,183400005	0,182799995	0,184200004	0,185800001	0,185399994	0,187999994	0,189099997	0,189600006	0,191699997	0,194499999	0,193399996	0,196500003	0,196500003	0,197799996	0,200599998	0,202399999	0,202000007	0,205400005	0,207000002	0,208000004	0,209900007	0,212699994	0,213699996	0,217700005	0,220100001	0,223800004	0,225700006	0,228799999	0,230800003	0,2359	0,237399995	0,240700006	0,2456	0,247899994	0,251399994	0,254599988	0,25850001	0,258899987	0,262800008	0,265300006	0,26820001	0,26879999	0,270099998	0,273600012	0,277700007	0,278299987	0,281500012	0,284299999	0,285100013	0,288599998	0,288599998	0,291399986	0,296700001	0,297899991	0,299199998	0,302700013	0,3037	0,307300001	0,308899999	0,31099999	0,314700007	0,314999998	0,317400008	0,319700003	0,323000014	0,324400008	0,327100009	0,328599989	0,331499994	0,331800014	0,336800009	0,337799996	0,338200003	0,341600001	0,347000003	0,348100007	0,349599987	0,351099998	0,354200006	0,356700003	0,35800001	0,358900011	0,360799998	0,363400012	0,365200013	0,365799993	0,365799993	0,373299986	0,372700006	0,375800014	0,377600014	0,378199995	0,382600009	0,381799996	0,383700013	0,386000007	0,387300014	0,386700004	0,388900012	0,391499996	0,39289999	0,391600013	0,39289999	0,391900003	0,390700012	0,390300006	0,391799986	0,391200006	0,393000007	0,390399992	0,390599996	0,392500013	0,394300014	0,391400009	0,392100006	0,391099989	0,393000007	0,39230001	0,392800003	0,39199999	0,390399992	0,389499992	0,389699996	0,39320001	0,391600013	0,392500013	0,39379999	0,39320001	0,392399997	0,391799986	0,390300006	0,393900007	0,394400001	0,392500013	0,3935	0,393299997	0,393099993	0,394899994	0,393900007	0,395099998	0,395900011	0,395000011	0,396800011	0,396600008	0,398499995	0,397599995	0,395999998	0,397500008	0,398499995	0,396100014	0,400000006	0,399300009	0,398999989	0,399599999	0,401899993	0,400599986	0,400200009	0,399399996	0,400900006	0,402200013	0,4005	0,40200001	0,402399987	0,403499991	0,4023	0,40290001	0,402799994	0,404599994	0,405600011	0,40200001	0,403899997	0,404700011	0,405099988	0,406399995	0,406500012	0,406899989	0,405699998	0,405400008	0,410299987	0,406800002	0,407200009	0,410100013	0,407499999	0,408899993	0,406899989	0,409999996	0,410699993	0,41049999	0,409500003	0,410100013	0,409799993	0,40959999	0,412699997	0,4102	0,412999988	0,413300008	0,415199995	0,414400011	0,414099991	0,4111	0,410299987	0,413199991	0,414000005	0,414499998	0,413800001	0,414799988
E3	0,113600001	0,113600001	0,1171	0,122299999	0,119800001	0,119499996	0,117899999	0,118500002	0,115999997	0,116400003	0,122900002	0,117399998	0,120300002	0,119400002	0,118900001	0,120300002	0,120999999	0,1206	0,122299999	0,1228	0,123999998	0,123800002	0,125100002	0,125799999	0,125400007	0,126800001	0,127399996	0,126900002	0,127700001	0,128800005	0,128800005	0,129299998	0,129600003	0,1303	0,130400002	0,130600005	0,131400004	0,133300006	0,132100001	0,132400006	0,133399993	0,133399993	0,134100005	0,134299994	0,134499997	0,1347	0,135800004	0,136500001	0,1373	0,137199998	0,137899995	0,137999997	0,139699996	0,139699996	0,140300006	0,140799999	0,142399997	0,141200006	0,1426	0,143700004	0,143900007	0,145300001	0,145799994	0,146899998	0,146899998	0,147200003	0,148399994	0,148599997	0,1505	0,1505	0,152500004	0,152600005	0,152999997	0,154599994	0,155100003	0,1567	0,158000007	0,158199996	0,158299997	0,160099998	0,162100002	0,162599996	0,163499996	0,164000005	0,165199995	0,166800007	0,166899994	0,169	0,170300007	0,1708	0,171800002	0,174099997	0,173999995	0,175099999	0,177900001	0,175999999	0,177900001	0,179499999	0,181199998	0,1831	0,185200006	0,186199993	0,189199999	0,190200001	0,191200003	0,193499997	0,195899993	0,196500003	0,200000003	0,201399997	0,203099996	0,203700006	0,205500007	0,206699997	0,209600002	0,211999997	0,214200005	0,220100001	0,223499998	0,229599997	0,231000006	0,235599995	0,238100007	0,243100002	0,245900005	0,246299997	0,252499998	0,254999995	0,257200003	0,261000007	0,262199998	0,264699996	0,267399997	0,271400005	0,274800003	0,27700001	0,278200001	0,280900002	0,284299999	0,286000013	0,289400011	0,292499989	0,29370001	0,295599997	0,297800004	0,299499989	0,305700004	0,307599992	0,309899986	0,310799986	0,314700007	0,317000002	0,317600012	0,321799994	0,325199991	0,326599985	0,327699989	0,329600006	0,332599998	0,335200012	0,336100012	0,338800013	0,34040001	0,344000012	0,346799999	0,349400014	0,351399988	0,353799999	0,356000006	0,358500004	0,359600008	0,362899989	0,366600007	0,368600011	0,371800005	0,372900009	0,375499994	0,376100004	0,380600005	0,381199986	0,382099986	0,384799987	0,385100007	0,389800012	0,391200006	0,393599987	0,394699991	0,397799999	0,396699995	0,399899989	0,401300013	0,403800011	0,401899993	0,407299995	0,406699985	0,408300012	0,407099992	0,407599986	0,407499999	0,405900002	0,407900006	0,406500012	0,408199996	0,407200009	0,407099992	0,408300012	0,407599986	0,408899993	0,408699989	0,405900002	0,408300012	0,406100005	0,407700002	0,41049999	0,410299987	0,409200013	0,407099992	0,408199996	0,407700002	0,408199996	0,409700006	0,409000009	0,411599994	0,408199996	0,407200009	0,4111	0,411000013	0,410100013	0,410299987	0,41139999	0,41139999	0,41049999	0,412600011	0,411900014	0,413199991	0,412299991	0,412600011	0,413100004	0,412099987	0,415699989	0,416399986	0,415600002	0,414200008	0,415800005	0,416500002	0,414900005	0,415899992	0,416099995	0,416799992	0,416099995	0,415899992	0,416500002	0,41870001	0,41960001	0,418799996	0,41929999	0,41929999	0,419699997	0,419699997	0,419699997	0,419800013	0,421000004	0,424299985	0,422199994	0,422399998	0,422100008	0,424100012	0,425099999	0,423000008	0,423599988	0,423400015	0,426400006	0,428000003	0,426899999	0,424100012	0,428299993	0,425900012	0,427599996	0,425399989	0,42809999	0,428499997	0,429100007	0,427899987	0,428900003	0,428299993	0,430000007	0,432099998	0,429399997	0,431199998	0,432500005	0,431199998	0,430999994	0,4296	0,431400001	0,430400014	0,431899995	0,433899999	0,431800008	0,433800012	0,434799999
E4	0,1153	0,109200001	0,108099997	0,106899999	0,1052	0,104599997	0,109899998	0,107199997	0,108199999	0,109899998	0,109499998	0,110799998	0,112400003	0,115599997	0,115599997	0,115500003	0,115599997	0,1162	0,116999999	0,1184	0,118500002	0,118600003	0,1197	0,120200001	0,120099999	0,120899998	0,121200003	0,122000001	0,122100003	0,122699998	0,123599999	0,123400003	0,124600001	0,124399997	0,1241	0,125300005	0,125	0,126200005	0,125400007	0,125599995	0,125799999	0,126000002	0,126399994	0,126699999	0,126800001	0,127399996	0,128099993	0,127900004	0,128399998	0,128900006	0,128299996	0,128700003	0,1294	0,129899994	0,129800007	0,130199999	0,130700007	0,130899996	0,131600007	0,131999999	0,132300004	0,132499993	0,132699996	0,133699998	0,133699998	0,134299994	0,134399995	0,135100007	0,135399997	0,136399999	0,137400001	0,137899995	0,138300002	0,138699993	0,1391	0,139799997	0,141100004	0,140699998	0,141299993	0,142199993	0,142700002	0,144099995	0,144700006	0,145400003	0,145300001	0,146699995	0,147200003	0,148200005	0,149499997	0,148300007	0,149200007	0,150900006	0,151299998	0,151700005	0,153500006	0,153500006	0,153500006	0,155900002	0,156000003	0,156900004	0,157800004	0,159199998	0,159999996	0,160500005	0,161500007	0,162300006	0,163299993	0,163399994	0,164299995	0,166199997	0,167199999	0,169799998	0,1708	0,171499997	0,172999993	0,175300002	0,175099999	0,177699998	0,177499995	0,180299997	0,182099998	0,1831	0,183599994	0,186100006	0,187099993	0,188899994	0,188899994	0,1919	0,194499999	0,195800006	0,197300002	0,199300006	0,202800006	0,203999996	0,207300007	0,215499997	0,224800006	0,231900007	0,235200003	0,239899993	0,243200004	0,246999994	0,249400005	0,252999991	0,254900008	0,257800013	0,262400001	0,265199989	0,266600013	0,270099998	0,270399988	0,274800003	0,276499987	0,278800011	0,283399999	0,284700006	0,288300008	0,286900014	0,292899996	0,293300003	0,296600014	0,298299998	0,300500005	0,30399999	0,307300001	0,309700012	0,312000006	0,312900007	0,314999998	0,318699986	0,322299987	0,3222	0,326499999	0,328299999	0,330000013	0,332599998	0,334399998	0,336899996	0,342299998	0,340600014	0,343800008	0,347000003	0,34830001	0,351200014	0,351799995	0,353799999	0,354999989	0,357800007	0,358999997	0,363599986	0,364600003	0,36590001	0,367700011	0,372399986	0,374599993	0,37529999	0,378699988	0,377799988	0,382499993	0,382299989	0,387100011	0,387699991	0,388900012	0,391000003	0,394300014	0,393000007	0,395099998	0,396100014	0,395099998	0,395000011	0,395799994	0,396600008	0,395700008	0,395399988	0,396699995	0,395999998	0,397199988	0,396100014	0,393999994	0,394800007	0,395500004	0,395300001	0,394300014	0,393999994	0,394899994	0,396400005	0,396600008	0,395300001	0,395999998	0,393299997	0,397300005	0,394300014	0,394899994	0,398000002	0,397500008	0,394199997	0,393299997	0,397399992	0,396200001	0,399399996	0,397300005	0,396800011	0,398200005	0,397199988	0,398999989	0,399300009	0,398999989	0,397000015	0,398499995	0,398900002	0,398499995	0,399100006	0,398200005	0,400400013	0,402700007	0,401600003	0,40110001	0,400700003	0,400700003	0,40079999	0,401199996	0,400900006	0,404300004	0,402999997	0,403800011	0,402700007	0,403499991	0,404399991	0,405000001	0,403400004	0,404900014	0,405999988	0,405099988	0,404399991	0,406199992	0,407400012	0,409000009	0,408899993	0,409099996	0,407099992	0,409200013	0,409099996	0,4102	0,410600007	0,409099996	0,4102	0,412800014	0,410600007	0,411799997	0,414200008	0,414299995	0,414299995	0,411000013	0,414600015	0,414200008	0,415600002	0,415199995	0,414999992	0,417699993	0,414600015
E5	0,1096	0,104900002	0,109200001	0,112800002	0,113700002	0,109899998	0,1109	0,110100001	0,1131	0,113700002	0,114699997	0,113200001	0,1184	0,116800003	0,113300003	0,115199998	0,114200003	0,116499998	0,116599999	0,117899999	0,118600003	0,118199997	0,1197	0,119999997	0,1206	0,120700002	0,120800003	0,120999999	0,121600002	0,122000001	0,126100004	0,123499997	0,125100002	0,126100004	0,127800003	0,127100006	0,126399994	0,127299994	0,127499998	0,127000004	0,128000006	0,128700003	0,128199995	0,1294	0,129199997	0,131099999	0,129700005	0,130500004	0,129999995	0,131699994	0,131300002	0,1303	0,131600007	0,131600007	0,132100001	0,131899998	0,132599995	0,131600007	0,132599995	0,132699996	0,134100005	0,133499995	0,134399995	0,135100007	0,134399995	0,136700004	0,136999995	0,134800002	0,137799993	0,137999997	0,137500003	0,138899997	0,139300004	0,138899997	0,140499994	0,138899997	0,141900003	0,141800001	0,143000007	0,140400007	0,143600002	0,143299997	0,144400001	0,145199999	0,145600006	0,145799994	0,144999996	0,148399994	0,147499993	0,148000002	0,149499997	0,149200007	0,150600001	0,150900006	0,150199994	0,153500006	0,152099997	0,153899997	0,154300004	0,155300006	0,155900002	0,157299995	0,157800004	0,157600001	0,159500003	0,160899997	0,160899997	0,161699995	0,162699997	0,163000003	0,164199993	0,165800005	0,1655	0,1655	0,164100006	0,165099993	0,169200003	0,168500006	0,170300007	0,172800004	0,171900004	0,171800002	0,1743	0,175600007	0,1778	0,177100003	0,179000005	0,184100002	0,185000002	0,182799995	0,187700003	0,187600002	0,188800007	0,188199997	0,191100001	0,193599999	0,196700007	0,201100007	0,204699993	0,209399998	0,211700007	0,213499993	0,217299998	0,218999997	0,222200006	0,223100007	0,227400005	0,229900002	0,231399998	0,232899994	0,236499995	0,239500001	0,236699998	0,243900001	0,246800005	0,248500004	0,253699988	0,254200011	0,256500006	0,257200003	0,25909999	0,260399997	0,260600001	0,262400001	0,266600013	0,26820001	0,268599987	0,271400005	0,274599999	0,276300013	0,278400004	0,279700011	0,282299995	0,285699993	0,287499994	0,289999992	0,289700001	0,292800009	0,295700014	0,297300011	0,298299998	0,301099986	0,304100007	0,305599988	0,307700008	0,311100006	0,311100006	0,31400001	0,318100005	0,317299992	0,32159999	0,32069999	0,325199991	0,326000005	0,326499999	0,330799997	0,333799988	0,333299994	0,334800005	0,338699996	0,338499993	0,343699992	0,342900008	0,344199985	0,348399997	0,350300014	0,351799995	0,355699986	0,355500013	0,35710001	0,359400004	0,361400008	0,362899989	0,36559999	0,36590001	0,368699998	0,368999988	0,370400012	0,370999992	0,372900009	0,371899992	0,37439999	0,375200003	0,375099987	0,375	0,375	0,373899996	0,372799993	0,375999987	0,372000009	0,375499994	0,37349999	0,376100004	0,374500006	0,374000013	0,372599989	0,37470001	0,3759	0,375200003	0,375200003	0,3741	0,37470001	0,374799997	0,372999996	0,376100004	0,374300003	0,374799997	0,374799997	0,37650001	0,377000004	0,375499994	0,373400003	0,37470001	0,37560001	0,374599993	0,374599993	0,376300007	0,375999987	0,376100004	0,375699997	0,375400007	0,377700001	0,377400011	0,375999987	0,378899992	0,375499994	0,374799997	0,377200007	0,379900008	0,379000008	0,378600001	0,377299994	0,377200007	0,378899992	0,379799992	0,379099995	0,378600001	0,379799992	0,380299985	0,381999999	0,380600005	0,381399989	0,383100003	0,3829	0,380800009	0,382299989	0,38530001	0,384000003	0,382999986	0,38440001	0,38350001	0,384600013	0,385100007	0,384900004	0,38350001	0,385699987	0,387100011	0,387699991	0,386099994	0,386000007
E6	0,110600002	0,107199997	0,104999997	0,112899996	0,115800001	0,110600002	0,113499999	0,113399997	0,1219	0,114399999	0,119800001	0,117200002	0,120999999	0,116899997	0,121699996	0,121600002	0,115599997	0,123499997	0,120999999	0,122400001	0,121600002	0,1228	0,1241	0,123899996	0,124499999	0,124399997	0,124899998	0,125300005	0,124399997	0,124600001	0,125	0,1241	0,125300005	0,125300005	0,1259	0,1259	0,126399994	0,126499996	0,126100004	0,126200005	0,127100006	0,126499996	0,126800001	0,127700001	0,127800003	0,127700001	0,128399998	0,128399998	0,128099993	0,128399998	0,129099995	0,128800005	0,128700003	0,128900006	0,128900006	0,128900006	0,128900006	0,129999995	0,129500002	0,130199999	0,129999995	0,129999995	0,130500004	0,131400004	0,131400004	0,131200001	0,131500006	0,132200003	0,132499993	0,132799998	0,133100003	0,133000001	0,133300006	0,1329	0,134599999	0,134200007	0,134200007	0,134499997	0,134900004	0,135499999	0,136299998	0,136399999	0,136099994	0,136800006	0,137199998	0,137999997	0,1382	0,138799995	0,138899997	0,139400005	0,140200004	0,140900001	0,140799999	0,141100004	0,141900003	0,142199993	0,142000005	0,142199993	0,142700002	0,143299997	0,143900007	0,144400001	0,143600002	0,145799994	0,145999998	0,146500006	0,147200003	0,147	0,148000002	0,147699997	0,148399994	0,149800003	0,150299996	0,1505	0,149800003	0,151199996	0,152400002	0,152899995	0,153699994	0,153699994	0,154300004	0,154400006	0,154599994	0,155200005	0,156599998	0,155599996	0,156299993	0,157399997	0,158500001	0,158899993	0,159999996	0,160099998	0,160500005	0,161799997	0,164100006	0,162100002	0,163900003	0,163900003	0,163599998	0,165099993	0,165000007	0,1664	0,167999998	0,168300003	0,169799998	0,1708	0,171800002	0,173500001	0,173899993	0,178399995	0,184599996	0,188600004	0,192100003	0,194299996	0,196999997	0,198500007	0,200800002	0,201499999	0,203899994	0,204500005	0,206799999	0,206900001	0,211799994	0,211600006	0,211799994	0,214699998	0,217099994	0,218999997	0,221000001	0,222599998	0,225899994	0,226099998	0,228200004	0,230000004	0,230000004	0,234799996	0,2368	0,238900006	0,239500001	0,242500007	0,244399995	0,247299999	0,2465	0,249599993	0,251599997	0,250800014	0,255199999	0,255400002	0,258700013	0,258100003	0,261299998	0,260399997	0,263900012	0,264400005	0,265500009	0,269800007	0,271100014	0,271100014	0,271800011	0,273400009	0,275000006	0,27790001	0,278200001	0,279700011	0,281300008	0,285100013	0,285600007	0,287200004	0,290300012	0,289200008	0,293599993	0,291700006	0,294800013	0,297199994	0,297100008	0,300999999	0,299100012	0,30309999	0,30430001	0,304699987	0,305299997	0,309899986	0,311199993	0,311100006	0,314799994	0,315299988	0,316199988	0,320800006	0,32190001	0,319200009	0,322699994	0,325700015	0,326599985	0,327699989	0,330000013	0,330799997	0,330599993	0,331999987	0,334899992	0,336400002	0,335700005	0,334199995	0,336600006	0,333200008	0,333000004	0,333299994	0,333799988	0,333499998	0,338	0,332100004	0,332700014	0,331400007	0,333600014	0,334899992	0,334600002	0,334399998	0,335299999	0,335200012	0,334199995	0,333900005	0,333600014	0,331400007	0,334899992	0,331800014	0,332199991	0,334500015	0,332199991	0,334100008	0,334399998	0,334699988	0,333299994	0,333900005	0,334300011	0,334899992	0,333600014	0,335099995	0,332800001	0,332899988	0,335999995	0,336400002	0,334899992	0,336499989	0,338499993	0,335700005	0,335900009	0,336100012	0,336600006	0,335500002	0,336199999	0,337900013	0,336100012	0,336899996	0,336100012	0,333700001	0,337799996	0,335700005	0,334500015	0,338400006	0,338200003	0,3389
E7	0,124700002	0,106700003	0,111599997	0,118699998	0,119099997	0,114500001	0,117200002	0,114399999	0,119599998	0,114100002	0,119900003	0,121200003	0,118699998	0,121600002	0,121699996	0,117700003	0,115900002	0,120300002	0,120800003	0,120700002	0,121299997	0,121100001	0,122100003	0,122699998	0,122900002	0,123300001	0,1237	0,124600001	0,124200001	0,124499999	0,124899998	0,125200003	0,125499994	0,124700002	0,125	0,125599995	0,125200003	0,126000002	0,126200005	0,125599995	0,126200005	0,126599997	0,126399994	0,127000004	0,127399996	0,127000004	0,127700001	0,126800001	0,128099993	0,127599999	0,128299996	0,128800005	0,1285	0,1294	0,129099995	0,129299998	0,129700005	0,129899994	0,130099997	0,130600005	0,131899998	0,131300002	0,131300002	0,132499993	0,132400006	0,1329	0,133399993	0,133300006	0,133399993	0,134399995	0,134900004	0,135700002	0,135600001	0,136299998	0,137500003	0,137799993	0,137999997	0,138300002	0,139599994	0,140100002	0,140100002	0,1417	0,141599998	0,1426	0,144500002	0,143800005	0,144899994	0,145300001	0,1461	0,145999998	0,147300005	0,149299994	0,149599999	0,150000006	0,151500002	0,151999995	0,152799994	0,153200001	0,154200003	0,155900002	0,156800002	0,158299997	0,158600003	0,159799993	0,160600007	0,162100002	0,162599996	0,163900003	0,165800005	0,166099995	0,165800005	0,169200003	0,169	0,170900002	0,171299994	0,172600001	0,174600005	0,1752	0,177000001	0,1778	0,179199994	0,180500001	0,181299999	0,183200002	0,184499994	0,184599996	0,185900003	0,188500002	0,1884	0,190699995	0,192300007	0,194499999	0,197899997	0,200200006	0,203899994	0,206900001	0,215399995	0,2289	0,232099995	0,235799998	0,238700002	0,241300002	0,245299995	0,2491	0,249799997	0,253500015	0,257699996	0,25909999	0,261200011	0,265199989	0,26699999	0,270599991	0,270900011	0,273200005	0,274399996	0,275299996	0,280699998	0,281500012	0,28549999	0,287200004	0,288199991	0,290800005	0,293199986	0,293799996	0,296999991	0,300099999	0,300799996	0,303200006	0,305799991	0,308200002	0,311100006	0,313699991	0,316100001	0,316799998	0,319499999	0,32249999	0,322400004	0,327199996	0,328399986	0,3301	0,331699997	0,334899992	0,336899996	0,342099994	0,341300011	0,343300015	0,345200002	0,346599996	0,351000011	0,351700008	0,351900011	0,354099989	0,35800001	0,358999997	0,359200001	0,364300013	0,365500003	0,365999997	0,368299991	0,369500011	0,370400012	0,369300008	0,372000009	0,371600002	0,372000009	0,370499998	0,370499998	0,370000005	0,368299991	0,368900001	0,371600002	0,371199995	0,371199995	0,373299986	0,367799997	0,369300008	0,36680001	0,369899988	0,370999992	0,369500011	0,369300008	0,369899988	0,369700015	0,368600011	0,371600002	0,371499985	0,371399999	0,369899988	0,371899992	0,370099992	0,37439999	0,372200012	0,373800009	0,374500006	0,374000013	0,371100008	0,3759	0,376399994	0,375699997	0,374599993	0,377000004	0,375800014	0,376800001	0,374599993	0,37650001	0,375099987	0,375400007	0,376899987	0,377299994	0,375200003	0,377799988	0,376800001	0,376700014	0,377299994	0,378699988	0,378600001	0,379099995	0,380499989	0,378399998	0,378399998	0,378100008	0,378399998	0,379700005	0,383100003	0,383300006	0,380800009	0,380699992	0,38319999	0,381000012	0,383300006	0,382299989	0,383100003	0,386700004	0,384000003	0,384000003	0,384799987	0,383599997	0,387600005	0,3847	0,387800008	0,388399988	0,386500001	0,388799995	0,386400014	0,389400005	0,388700008	0,388700008	0,389200002	0,392100006	0,388700008	0,393000007	0,393999994	0,391000003	0,389499992	0,391400009	0,39199999	0,391799986	0,3935	0,392199993	0,392399997
E8	0,115999997	0,113600001	0,110200003	0,115599997	0,1171	0,109300002	0,115800001	0,113300003	0,120099999	0,113300003	0,121399999	0,123800002	0,1228	0,120399997	0,1184	0,127200007	0,123899996	0,129899994	0,126300007	0,128800005	0,129099995	0,130600005	0,129700005	0,131099999	0,131200001	0,130099997	0,131500006	0,132100001	0,131400004	0,130999997	0,132699996	0,132300004	0,132499993	0,134000003	0,133000001	0,133399993	0,134100005	0,134800002	0,135000005	0,134000003	0,135199994	0,135199994	0,136000007	0,135100007	0,135700002	0,136299998	0,136600003	0,135600001	0,135600001	0,137199998	0,136999995	0,136600003	0,136800006	0,137400001	0,137400001	0,137600005	0,136800006	0,136999995	0,138500005	0,137199998	0,137799993	0,138600007	0,138899997	0,138899997	0,139400005	0,139899999	0,139599994	0,139899999	0,139699996	0,141000003	0,139899999	0,139400005	0,140000001	0,140000001	0,140400007	0,140699998	0,140599996	0,141000003	0,141399994	0,141399994	0,142399997	0,142299995	0,142100006	0,142800003	0,142100006	0,141900003	0,143000007	0,143399999	0,142800003	0,142700002	0,143600002	0,1435	0,143800005	0,144400001	0,143999994	0,144800007	0,144299999	0,144400001	0,145799994	0,145199999	0,145500004	0,145099998	0,146699995	0,1461	0,146400005	0,1461	0,146699995	0,1461	0,1479	0,147799999	0,147300005	0,148100004	0,1479	0,149100006	0,148000002	0,148599997	0,148399994	0,149700001	0,147599995	0,148200005	0,149599999	0,148699999	0,148800001	0,150099993	0,150600001	0,150399998	0,150299996	0,150399998	0,151500002	0,150299996	0,150999993	0,1514	0,1514	0,151500002	0,152099997	0,152700007	0,152199998	0,152799994	0,1523	0,152999997	0,153999999	0,154499993	0,153999999	0,154899999	0,153999999	0,155300006	0,155200005	0,155300006	0,156800002	0,155900002	0,156399995	0,157399997	0,157600001	0,158199996	0,158500001	0,157299995	0,158700004	0,159299999	0,159400001	0,159400001	0,1602	0,160699993	0,160300002	0,161699995	0,162100002	0,161799997	0,162599996	0,163299993	0,163299993	0,163000003	0,163900003	0,164000005	0,164499998	0,164700001	0,165600002	0,166899994	0,168200001	0,166500002	0,167099997	0,167799994	0,168300003	0,168799996	0,168599993	0,170300007	0,171100006	0,170699999	0,1699	0,170200005	0,172399998	0,171299994	0,171900004	0,171299994	0,172299996	0,173500001	0,173199996	0,1752	0,174500003	0,177599996	0,185200006	0,194000006	0,200200006	0,203199998	0,205300003	0,206200004	0,207499996	0,208700001	0,209900007	0,214200005	0,214100003	0,213499993	0,219400004	0,217099994	0,217899993	0,219799995	0,220200002	0,223299995	0,223000005	0,222200006	0,226600006	0,226300001	0,226400003	0,225899994	0,224800006	0,228400007	0,228200004	0,228400007	0,229699999	0,230700001	0,232199997	0,232899994	0,233500004	0,233500004	0,233899996	0,236000001	0,237000003	0,234200001	0,239199996	0,236499995	0,239099994	0,238800004	0,240899995	0,242899999	0,244299993	0,242400005	0,242799997	0,243399993	0,242899999	0,245000005	0,249300003	0,245900005	0,249899998	0,249799997	0,249500006	0,248400003	0,251700014	0,253100008	0,253199995	0,255600005	0,253699988	0,257499993	0,258100003	0,259200007	0,26030001	0,261200011	0,260800004	0,263900012	0,264400005	0,268599987	0,268299997	0,269300014	0,269499987	0,270000011	0,273000002	0,272199988	0,273699999	0,275000006	0,274899989	0,276800007	0,276899993	0,277200013	0,278899997	0,276499987	0,278800011	0,273999989	0,277399987	0,2773	0,279399991	0,278299987	0,282400012	0,281199992	0,279500008	0,279000014	0,280999988	0,277799994	0,278299987	0,280299991	0,278299987	0,280000001	0,282200009	0,280999988
E9	0,111900002	0,109700002	0,114	0,109700002	0,120999999	0,112099998	0,116899997	0,107699998	0,1193	0,112300001	0,113600001	0,1131	0,114699997	0,1149	0,114600003	0,119999997	0,121299997	0,118799999	0,118900001	0,122100003	0,121600002	0,123800002	0,124899998	0,124300003	0,125799999	0,124499999	0,125100002	0,125	0,125699997	0,1259	0,126599997	0,126499996	0,127100006	0,127700001	0,126699999	0,127700001	0,127900004	0,1285	0,1285	0,128199995	0,128900006	0,128700003	0,128800005	0,128999993	0,129299998	0,129299998	0,129700005	0,129299998	0,129899994	0,130099997	0,130700007	0,130400002	0,130600005	0,130799994	0,130199999	0,130899996	0,130600005	0,130600005	0,130899996	0,130500004	0,131400004	0,131600007	0,131500006	0,131999999	0,132100001	0,131799996	0,132100001	0,131999999	0,132400006	0,132799998	0,133000001	0,133000001	0,132799998	0,1329	0,133599997	0,133000001	0,1338	0,133499995	0,1338	0,133499995	0,134200007	0,134299994	0,134499997	0,135399997	0,134800002	0,134900004	0,1347	0,135800004	0,135100007	0,134800002	0,135900006	0,136099994	0,136399999	0,136199996	0,136099994	0,136299998	0,136500001	0,136800006	0,136099994	0,136999995	0,1373	0,136899993	0,138099998	0,138300002	0,138600007	0,137600005	0,138699993	0,138600007	0,139300004	0,138300002	0,137999997	0,139500007	0,140499994	0,139300004	0,139899999	0,140400007	0,140000001	0,140499994	0,139200002	0,140400007	0,140300006	0,140599996	0,140200004	0,141399994	0,140799999	0,140900001	0,140200004	0,141100004	0,141299993	0,141000003	0,141399994	0,141399994	0,142399997	0,142499998	0,142199993	0,1426	0,143800005	0,143199995	0,143700004	0,143399999	0,144400001	0,143900007	0,144199997	0,144500002	0,144199997	0,145099998	0,145500004	0,145799994	0,144999996	0,145500004	0,145799994	0,146400005	0,146300003	0,147200003	0,147400007	0,146799996	0,147599995	0,146799996	0,147799999	0,147499993	0,147699997	0,148599997	0,148900002	0,149100006	0,149800003	0,151299998	0,150700003	0,150399998	0,151700005	0,150700003	0,151600003	0,1514	0,152899995	0,1523	0,153099999	0,153200001	0,153099999	0,153500006	0,152999997	0,152899995	0,154400006	0,155100003	0,154899999	0,1558	0,154400006	0,156000003	0,155200005	0,156100005	0,155300006	0,156900004	0,157100007	0,156000003	0,157199994	0,157499999	0,157700002	0,159099996	0,158399999	0,159199998	0,158399999	0,158700004	0,159700006	0,1611	0,163100004	0,168400005	0,171499997	0,172499999	0,175400004	0,177100003	0,179700002	0,180099994	0,180600002	0,182799995	0,183200002	0,184400007	0,185299993	0,186499998	0,189199999	0,187199995	0,188299999	0,189799994	0,188500002	0,191200003	0,191400006	0,192499995	0,194100007	0,193499997	0,194199994	0,194999993	0,195999995	0,194800004	0,198100001	0,1972	0,197500005	0,199100003	0,200100005	0,200399995	0,201100007	0,202700004	0,203299999	0,202600002	0,204600006	0,205599993	0,206	0,205500007	0,207300007	0,208199993	0,208199993	0,208299994	0,2095	0,210299999	0,211400002	0,209700003	0,212099999	0,210700005	0,211199999	0,210999995	0,212400004	0,211899996	0,211300001	0,213100001	0,213699996	0,2148	0,214699998	0,215900004	0,214699998	0,216999993	0,215399995	0,216199994	0,216100007	0,216900006	0,216999993	0,2192	0,220799997	0,219099998	0,219799995	0,220200002	0,220500007	0,224800006	0,223000005	0,222399995	0,223399997	0,223299995	0,225899994	0,224999994	0,223100007	0,226699993	0,227899998	0,228400007	0,226999998	0,226899996	0,230199993	0,228799999	0,229100004	0,230900005	0,2324	0,230700001	0,234699994	0,234400004	0,233700007	0,231800005
E10	0,109300002	0,106799997	0,116700001	0,105300002	0,1149	0,118600003	0,118699998	0,120800003	0,119099997	0,120999999	0,111000001	0,112099998	0,116800003	0,118299998	0,113499999	0,114699997	0,115699999	0,120300002	0,117799997	0,117700003	0,117299996	0,119999997	0,121200003	0,123000003	0,120499998	0,123199999	0,123899996	0,123400003	0,123999998	0,123000003	0,123400003	0,123999998	0,123599999	0,123999998	0,123499997	0,124499999	0,123599999	0,123999998	0,124200001	0,123199999	0,123400003	0,123000003	0,122599997	0,123800002	0,123000003	0,122699998	0,123000003	0,121799998	0,1219	0,121799998	0,122100003	0,122299999	0,1219	0,122500002	0,122100003	0,122400001	0,1219	0,122299999	0,122299999	0,122299999	0,1228	0,122000001	0,122500002	0,122599997	0,1228	0,122900002	0,123199999	0,122199997	0,123000003	0,123199999	0,123199999	0,123000003	0,123199999	0,123000003	0,123800002	0,123800002	0,123099998	0,123400003	0,123800002	0,124499999	0,124200001	0,124700002	0,123899996	0,124499999	0,124499999	0,124399997	0,124399997	0,124700002	0,125100002	0,124200001	0,125200003	0,125300005	0,125	0,125599995	0,125200003	0,125300005	0,125	0,125699997	0,125400007	0,125699997	0,125799999	0,126000002	0,126599997	0,126599997	0,126599997	0,127100006	0,127200007	0,126599997	0,127000004	0,127200007	0,127200007	0,127399996	0,127800003	0,127800003	0,127599999	0,128000006	0,128099993	0,127499998	0,128800005	0,128299996	0,128199995	0,128399998	0,128199995	0,128700003	0,128399998	0,128299996	0,127800003	0,129500002	0,129500002	0,129099995	0,129500002	0,129600003	0,129600003	0,129999995	0,129600003	0,129999995	0,1303	0,129899994	0,131099999	0,1303	0,130199999	0,130799994	0,131600007	0,131600007	0,131400004	0,131300002	0,131500006	0,132200003	0,132599995	0,132300004	0,132200003	0,132799998	0,132699996	0,133100003	0,133300006	0,133699998	0,134200007	0,133900002	0,134800002	0,134499997	0,134499997	0,134399995	0,134599999	0,135600001	0,135900006	0,136199996	0,135399997	0,136000007	0,136600003	0,136700004	0,137099996	0,137500003	0,137899995	0,137600005	0,137600005	0,137999997	0,137799993	0,139799997	0,138799995	0,139300004	0,139500007	0,139699996	0,139699996	0,140599996	0,139599994	0,140100002	0,141399994	0,140799999	0,142000005	0,141399994	0,1417	0,141499996	0,142100006	0,143199995	0,142800003	0,143000007	0,143700004	0,143700004	0,143600002	0,143399999	0,144800007	0,144800007	0,145099998	0,145199999	0,144600004	0,145500004	0,145300001	0,145799994	0,145999998	0,145600006	0,146200001	0,146200001	0,146699995	0,146599993	0,148100004	0,147599995	0,148200005	0,148000002	0,149599999	0,148399994	0,148000002	0,148000002	0,150199994	0,151299998	0,153099999	0,157800004	0,158500001	0,160300002	0,1611	0,162100002	0,165600002	0,167600006	0,169400007	0,170000002	0,172000006	0,172600001	0,1752	0,177200004	0,1787	0,180299997	0,182099998	0,182099998	0,182999998	0,185299993	0,186299995	0,187600002	0,188800007	0,189799994	0,192000002	0,190899998	0,191499993	0,1928	0,194999993	0,194199994	0,196400002	0,197600007	0,197999999	0,199399993	0,200299993	0,2007	0,201100007	0,201100007	0,202299997	0,204899997	0,203799993	0,205599993	0,206599995	0,205699995	0,207699999	0,208399996	0,206799999	0,208900005	0,210199997	0,207900003	0,209999993	0,209299996	0,2095	0,213200003	0,213499993	0,211500004	0,213200003	0,214699998	0,213400006	0,213200003	0,212799996	0,213400006	0,214900002	0,215000004	0,214000002	0,216999993	0,218199998	0,215900004	0,217500001	0,215499997	0,219500005	0,217999995	0,218099996	0,218899995	0,218099996	0,219600007
E11	0,111000001	0,1087	0,105400003	0,105899997	0,104400001	0,104999997	0,105700001	0,106799997	0,108199999	0,110200003	0,109999999	0,111199997	0,112099998	0,1131	0,117299996	0,115199998	0,1193	0,123499997	0,115900002	0,117299996	0,117799997	0,118900001	0,118900001	0,119900003	0,120300002	0,1206	0,1215	0,121399999	0,122199997	0,122699998	0,123800002	0,123599999	0,1241	0,123999998	0,124700002	0,124799997	0,125100002	0,125599995	0,125400007	0,126200005	0,126499996	0,125799999	0,126399994	0,126699999	0,126599997	0,126900002	0,127499998	0,126800001	0,127399996	0,128000006	0,128299996	0,128299996	0,128000006	0,128399998	0,128199995	0,128399998	0,128199995	0,128900006	0,129500002	0,129099995	0,1294	0,1294	0,128600001	0,129700005	0,130500004	0,129999995	0,130500004	0,130400002	0,130099997	0,130799994	0,131400004	0,131200001	0,131300002	0,131200001	0,131799996	0,131999999	0,131699994	0,132799998	0,132799998	0,132699996	0,132799998	0,133399993	0,132799998	0,133900002	0,1329	0,1338	0,133499995	0,135100007	0,133900002	0,132400006	0,134299994	0,134299994	0,133599997	0,135299996	0,135299996	0,136800006	0,136199996	0,137799993	0,136899993	0,136600003	0,136899993	0,136700004	0,137799993	0,136299998	0,137700006	0,138600007	0,137899995	0,137899995	0,137400001	0,138899997	0,139799997	0,139300004	0,138500005	0,138899997	0,138999999	0,139400005	0,139500007	0,138999999	0,140000001	0,139599994	0,140599996	0,141200006	0,140000001	0,140300006	0,140900001	0,141499996	0,141599998	0,140900001	0,140799999	0,1417	0,142399997	0,141299993	0,142700002	0,143900007	0,141599998	0,143999994	0,143199995	0,142700002	0,1435	0,143600002	0,144299999	0,144099995	0,144400001	0,144500002	0,144400001	0,144700006	0,145400003	0,145199999	0,146400005	0,147	0,147200003	0,147200003	0,147300005	0,148200005	0,147599995	0,148100004	0,1479	0,148599997	0,148900002	0,148599997	0,149100006	0,150000006	0,150700003	0,150800005	0,150600001	0,151700005	0,151700005	0,152400002	0,151999995	0,152700007	0,153899997	0,153300002	0,152899995	0,154499993	0,154699996	0,153799996	0,156200007	0,155699998	0,154200003	0,155900002	0,1558	0,156900004	0,1558	0,157399997	0,157000005	0,157800004	0,158000007	0,157399997	0,158600003	0,158999994	0,158399999	0,159400001	0,159500003	0,160400003	0,160400003	0,159899995	0,160699993	0,159999996	0,161300004	0,162	0,161599994	0,162499994	0,163499996	0,163399994	0,164499998	0,164900005	0,164800003	0,166099995	0,166099995	0,166899994	0,167600006	0,166600004	0,168500006	0,167699993	0,168599993	0,168899998	0,169799998	0,170200005	0,170599997	0,170000002	0,170000002	0,171499997	0,171100006	0,172000006	0,171499997	0,172199994	0,173899993	0,173999995	0,173500001	0,1743	0,173999995	0,174899995	0,174799994	0,175400004	0,175300002	0,176499993	0,177599996	0,177599996	0,178299993	0,1778	0,179700002	0,178100005	0,180700004	0,179800004	0,180199996	0,180700004	0,180600002	0,181799993	0,181400001	0,181199998	0,182500005	0,181600004	0,183699995	0,182999998	0,182500005	0,182699993	0,184699997	0,184599996	0,185699999	0,185100004	0,186900005	0,187000006	0,187900007	0,1884	0,188800007	0,189400002	0,188500002	0,190300003	0,190699995	0,189799994	0,190699995	0,189899996	0,190099999	0,189899996	0,191	0,191400006	0,191300005	0,192200005	0,191799998	0,193800002	0,193100005	0,194700003	0,194199994	0,194199994	0,194199994	0,194600001	0,194000006	0,196199998	0,194800004	0,197400004	0,1972	0,198400006	0,197600007	0,195999995	0,195999995	0,197099999	0,197999999	0,197099999	0,195800006	0,195700005
E12	0,111900002	0,109800003	0,109999999	0,112199999	0,111400001	0,109999999	0,111100003	0,113499999	0,121799998	0,118900001	0,114399999	0,116499998	0,119900003	0,122299999	0,125699997	0,122599997	0,121600002	0,123899996	0,1237	0,124600001	0,125699997	0,125599995	0,127399996	0,127900004	0,128700003	0,128999993	0,129899994	0,129999995	0,131099999	0,131899998	0,132599995	0,1329	0,133599997	0,134100005	0,134599999	0,134499997	0,134599999	0,134900004	0,135100007	0,135600001	0,135800004	0,136500001	0,137400001	0,137400001	0,137099996	0,137799993	0,138600007	0,138500005	0,138300002	0,139799997	0,140300006	0,139300004	0,140000001	0,140100002	0,140599996	0,141599998	0,141499996	0,141000003	0,141800001	0,141800001	0,142100006	0,141900003	0,142900005	0,1426	0,142800003	0,143800005	0,143199995	0,143600002	0,144099995	0,144999996	0,144600004	0,145099998	0,144899994	0,144800007	0,1461	0,145799994	0,145500004	0,146599993	0,1461	0,1461	0,146899998	0,147300005	0,147	0,149299994	0,148399994	0,149000004	0,149499997	0,149900004	0,150000006	0,149200007	0,149100006	0,150800005	0,150299996	0,151099995	0,150800005	0,151299998	0,151099995	0,151500002	0,152199998	0,152500004	0,152400002	0,152999997	0,152099997	0,152700007	0,153899997	0,153999999	0,153899997	0,154799998	0,154699996	0,154799998	0,154100001	0,155599996	0,156299993	0,1558	0,155900002	0,156299993	0,155900002	0,156499997	0,156000003	0,157499999	0,157299995	0,156499997	0,157299995	0,158099994	0,157900006	0,157199994	0,158399999	0,157700002	0,157800004	0,157499999	0,158999994	0,159500003	0,159199998	0,158500001	0,159299999	0,158299997	0,159899995	0,160699993	0,1602	0,159700006	0,160999998	0,160699993	0,161200002	0,160699993	0,160899997	0,160999998	0,162300006	0,161799997	0,161599994	0,163900003	0,162900001	0,163000003	0,163200006	0,162499994	0,1646	0,163800001	0,164700001	0,164199993	0,164399996	0,164100006	0,165000007	0,164800003	0,1655	0,1655	0,165099993	0,165700004	0,166299999	0,166999996	0,167500004	0,167400002	0,166700006	0,167400002	0,168400005	0,169	0,169	0,168300003	0,168599993	0,168400005	0,167999998	0,168200001	0,168599993	0,169599995	0,169200003	0,1699	0,170399994	0,169400007	0,170499995	0,169599995	0,170900002	0,171000004	0,172000006	0,170399994	0,171700001	0,172299996	0,1708	0,172000006	0,1734	0,172499999	0,172700003	0,172299996	0,174500003	0,172999993	0,172900006	0,172099993	0,172999993	0,173299998	0,173299998	0,174199998	0,173800007	0,172999993	0,173999995	0,171800002	0,172999993	0,174799994	0,175400004	0,173299998	0,173999995	0,1734	0,174899995	0,174600005	0,174099997	0,1752	0,1752	0,174400002	0,174600005	0,175400004	0,174799994	0,1743	0,173800007	0,175400004	0,175300002	0,174799994	0,174199998	0,175500005	0,175600007	0,174999997	0,175400004	0,174500003	0,175600007	0,173899993	0,174899995	0,1752	0,175400004	0,174500003	0,1752	0,175500005	0,174400002	0,174799994	0,175799996	0,175600007	0,1752	0,174500003	0,175400004	0,174700007	0,173500001	0,175300002	0,175799996	0,175500005	0,1743	0,175300002	0,1752	0,173999995	0,174400002	0,173899993	0,173500001	0,174799994	0,173999995	0,174700007	0,175999999	0,174400002	0,172399998	0,175899997	0,174500003	0,173999995	0,173700005	0,173199996	0,173700005	0,174600005	0,173299998	0,173500001	0,174500003	0,174600005	0,175799996	0,172299996	0,174500003	0,173700005	0,175099999	0,172800004	0,170499995	0,171399996	0,171900004	0,170599997	0,171700001	0,170100003	0,171100006	0,170300007	0,168799996	0,170100003	0,170000002	0,168899998
F1	0,108800001	0,120800003	0,124200001	0,123000003	0,126599997	0,128199995	0,122500002	0,126900002	0,124600001	0,125599995	0,123099998	0,131600007	0,118900001	0,1162	0,114799999	0,1153	0,116899997	0,119599998	0,123400003	0,122000001	0,123400003	0,125	0,125100002	0,127499998	0,124499999	0,125699997	0,126100004	0,126900002	0,126900002	0,127100006	0,128000006	0,128199995	0,128900006	0,129099995	0,129099995	0,129299998	0,1303	0,130400002	0,130799994	0,131500006	0,131799996	0,132499993	0,133100003	0,134100005	0,133900002	0,134800002	0,136199996	0,136299998	0,137500003	0,138699993	0,140000001	0,140100002	0,141299993	0,141900003	0,143900007	0,143700004	0,145699993	0,146300003	0,148599997	0,149599999	0,150000006	0,151700005	0,153500006	0,155300006	0,156399995	0,158399999	0,159400001	0,163200006	0,163900003	0,167400002	0,169499993	0,1699	0,171900004	0,174700007	0,176499993	0,177599996	0,180399999	0,181799993	0,1831	0,184699997	0,187700003	0,189999998	0,1928	0,194499999	0,199200004	0,1998	0,203500003	0,206900001	0,209099993	0,211799994	0,214200005	0,217500001	0,221599996	0,225700006	0,230399996	0,235300004	0,238100007	0,240999997	0,244599998	0,248199999	0,251700014	0,255100012	0,261000007	0,261999995	0,265599996	0,270200014	0,27669999	0,280900002	0,284299999	0,288100004	0,291799992	0,295599997	0,299899995	0,305099994	0,307200015	0,312599987	0,314999998	0,317600012	0,324499995	0,326700002	0,331099987	0,332199991	0,337599993	0,342700005	0,342500001	0,3486	0,353100002	0,356000006	0,359499991	0,364600003	0,366299987	0,371100008	0,37650001	0,377799988	0,384000003	0,387400001	0,389499992	0,394300014	0,397700012	0,4014	0,405699998	0,408499986	0,413300008	0,417400002	0,421499997	0,423400015	0,429199994	0,429399997	0,434899986	0,436800003	0,442900002	0,44569999	0,447899997	0,453399986	0,455599993	0,459100008	0,462799996	0,465299994	0,467700005	0,470699996	0,47420001	0,479200006	0,481900007	0,485500008	0,488299996	0,491699994	0,493299991	0,494899988	0,498199999	0,503000021	0,505500019	0,509500027	0,510999978	0,512300014	0,513000011	0,51639998	0,519999981	0,521300018	0,522000015	0,521600008	0,521099985	0,523500025	0,525200009	0,522700012	0,522300005	0,522300005	0,520500004	0,523800015	0,521000028	0,520600021	0,522499979	0,527400017	0,522400022	0,523699999	0,523500025	0,524299979	0,523000002	0,522400022	0,522000015	0,520799994	0,524999976	0,524800003	0,52579999	0,524500012	0,525300026	0,523400009	0,528400004	0,527400017	0,529600024	0,526499987	0,524900019	0,526499987	0,527100027	0,527999997	0,528400004	0,52670002	0,532100022	0,529100001	0,530099988	0,529699981	0,530499995	0,530399978	0,531599998	0,534099996	0,532400012	0,533100009	0,532299995	0,533299983	0,532199979	0,534699976	0,534399986	0,534500003	0,536599994	0,53490001	0,538200021	0,535300016	0,533999979	0,539699972	0,539699972	0,538900018	0,540000021	0,539499998	0,537999988	0,539799988	0,541199982	0,540700018	0,541999996	0,543600023	0,541899979	0,544700027	0,54430002	0,543600023	0,543900013	0,54339999	0,543900013	0,546299994	0,544499993	0,545300007	0,544799984	0,54519999	0,547399998	0,545599997	0,547299981	0,550800025	0,548699975	0,550100029	0,548900008	0,547800004	0,546599984	0,547200024	0,549600005	0,550000012	0,551599979	0,552999973	0,55339998	0,551100016	0,549899995	0,554799974	0,550300002	0,551599979	0,551800013	0,553900003	0,554799974	0,550300002	0,550599992	0,551299989	0,552100003	0,551999986	0,553499997	0,55309999	0,552699983	0,551900029	0,552100003	0,551599979	0,552600026	0,554700017	0,553900003	0,550100029	0,552399993	0,552200019
F2	0,1087	0,107299998	0,108199999	0,121100001	0,123400003	0,138099998	0,127100006	0,138699993	0,136700004	0,140699998	0,137199998	0,141599998	0,143099993	0,135700002	0,129600003	0,129500002	0,118500002	0,128999993	0,127700001	0,134200007	0,134399995	0,136600003	0,137799993	0,137999997	0,136899993	0,137799993	0,136500001	0,136099994	0,137199998	0,137199998	0,139200002	0,1391	0,140499994	0,141200006	0,1426	0,143900007	0,144999996	0,1461	0,146500006	0,147400007	0,148100004	0,150099993	0,152600005	0,152999997	0,154899999	0,156599998	0,158299997	0,160400003	0,161500007	0,164100006	0,166500002	0,169	0,171399996	0,173299998	0,176899999	0,179499999	0,180800006	0,183699995	0,1866	0,189600006	0,193200007	0,194499999	0,198200002	0,200499997	0,204799995	0,207900003	0,209600002	0,2139	0,215800002	0,218799993	0,220100001	0,222100005	0,227500007	0,230000004	0,233799994	0,237299994	0,241899997	0,243900001	0,248600006	0,252499998	0,258100003	0,262499988	0,265399992	0,268700004	0,270900011	0,277500004	0,279599994	0,28549999	0,288199991	0,291099995	0,296400011	0,299899995	0,304199994	0,308200002	0,31099999	0,314099997	0,318699986	0,321500003	0,326700002	0,329899997	0,333099991	0,338800013	0,342299998	0,34740001	0,34920001	0,352299988	0,35800001	0,361499995	0,365500003	0,368400007	0,372999996	0,375099987	0,381099999	0,384200007	0,386299998	0,391600013	0,394199997	0,395399988	0,400599986	0,404799998	0,405499995	0,408199996	0,411900014	0,416299999	0,418900013	0,421400011	0,422800004	0,427399993	0,429199994	0,431400001	0,434300005	0,438800007	0,438899994	0,441300005	0,445300013	0,444999993	0,447699994	0,450399995	0,448300004	0,449999988	0,4542	0,450500011	0,449000001	0,446500003	0,449400008	0,4454	0,44749999	0,448900014	0,448599994	0,445800006	0,445100009	0,446799994	0,446799994	0,446200013	0,445899993	0,443800002	0,446399987	0,444599986	0,448199987	0,442400008	0,442699999	0,443800002	0,44600001	0,44569999	0,443599999	0,447600007	0,442499995	0,443199992	0,44600001	0,445899993	0,444900006	0,4463	0,444900006	0,447699994	0,446500003	0,44749999	0,44780001	0,447699994	0,445100009	0,446999997	0,445800006	0,448000014	0,447699994	0,451000005	0,449000001	0,44600001	0,448199987	0,450500011	0,448900014	0,451299995	0,450300008	0,451799989	0,449800014	0,452100009	0,450899988	0,452600002	0,452899992	0,452499986	0,453700006	0,451700002	0,453900009	0,452399999	0,453799993	0,454299986	0,454299986	0,456999987	0,460000008	0,458299994	0,458000004	0,455500007	0,456900001	0,457500011	0,458299994	0,460099995	0,460399985	0,460200012	0,460799992	0,460099995	0,460900009	0,462500006	0,460700005	0,461499989	0,461499989	0,464300007	0,461400002	0,465299994	0,46329999	0,46540001	0,46329999	0,460999995	0,464399993	0,462900013	0,463099986	0,46419999	0,466300011	0,46329999	0,466600001	0,467400014	0,467799991	0,469199985	0,468100011	0,468400002	0,467599988	0,464599997	0,469500005	0,468400002	0,467700005	0,469900012	0,469599992	0,470999986	0,469099998	0,469599992	0,467799991	0,468199998	0,469399989	0,471599996	0,469900012	0,471399993	0,468100011	0,472200006	0,470499992	0,470800012	0,470600009	0,466500014	0,470699996	0,472299993	0,468499988	0,467299998	0,471100003	0,469199985	0,470299989	0,470499992	0,472799987	0,468600005	0,471100003	0,470999986	0,470999986	0,471700013	0,469099998	0,47209999	0,468300015	0,471100003	0,469599992	0,469000012	0,469999999	0,468199998	0,468499988	0,47299999	0,470400006	0,471500009	0,4727	0,470200002	0,469700009	0,469599992	0,469999999	0,470200002	0,47299999	0,469500005	0,469500005	0,470499992
F3	0,121100001	0,118799999	0,125	0,128399998	0,118000001	0,1347	0,122199997	0,129500002	0,130600005	0,117700003	0,128900006	0,116400003	0,125100002	0,115199998	0,119800001	0,116099998	0,118000001	0,118500002	0,121299997	0,121399999	0,121299997	0,121799998	0,1219	0,123400003	0,122599997	0,124700002	0,123400003	0,124399997	0,124700002	0,1259	0,125699997	0,125400007	0,127299994	0,127100006	0,126499996	0,127299994	0,127399996	0,127800003	0,128099993	0,129099995	0,128800005	0,129199997	0,129700005	0,129899994	0,129800007	0,130500004	0,130500004	0,131400004	0,132200003	0,132499993	0,133599997	0,133900002	0,134399995	0,133300006	0,1347	0,135399997	0,135199994	0,136500001	0,136299998	0,138099998	0,138600007	0,138099998	0,140300006	0,140200004	0,141100004	0,141599998	0,142800003	0,143000007	0,143800005	0,143999994	0,144500002	0,145899996	0,147100002	0,147400007	0,148399994	0,148499995	0,150199994	0,150099993	0,1514	0,152099997	0,152899995	0,154599994	0,154899999	0,158399999	0,157000005	0,158299997	0,158299997	0,160699993	0,162	0,162200004	0,163100004	0,165099993	0,165900007	0,167600006	0,169200003	0,168799996	0,171000004	0,172800004	0,175099999	0,176499993	0,178100005	0,179700002	0,182099998	0,183300003	0,185499996	0,187900007	0,191100001	0,190599993	0,194999993	0,195500001	0,196999997	0,198500007	0,200499997	0,202399999	0,205500007	0,208499998	0,211600006	0,216499999	0,218999997	0,223299995	0,226199999	0,229699999	0,232700005	0,235400006	0,238399997	0,241099998	0,2447	0,247600004	0,250200003	0,252799988	0,254799992	0,258399993	0,261099994	0,264299989	0,266400009	0,269899994	0,271200001	0,276199996	0,275599986	0,280600011	0,283499986	0,285600007	0,288300008	0,291099995	0,291500002	0,2949	0,298799992	0,299600005	0,303299993	0,308600008	0,307599992	0,310900003	0,313699991	0,316000015	0,318899989	0,321200013	0,32280001	0,326700002	0,331800014	0,330199987	0,331699997	0,335900009	0,340499997	0,3398	0,340299994	0,344399989	0,347799987	0,350100011	0,353300005	0,355500013	0,357300013	0,360799998	0,362500012	0,365999997	0,368800014	0,372399986	0,371100008	0,373699993	0,377200007	0,379299998	0,381000012	0,384900004	0,388599992	0,387800008	0,391600013	0,392399997	0,394499987	0,396600008	0,397700012	0,398900002	0,402399987	0,404599994	0,404599994	0,407299995	0,407000005	0,408699989	0,407799989	0,406399995	0,406500012	0,404500008	0,404199988	0,405400008	0,406800002	0,406800002	0,411599994	0,408800006	0,408600003	0,409799993	0,408199996	0,406399995	0,408300012	0,407599986	0,409099996	0,406399995	0,405999988	0,407799989	0,407499999	0,408399999	0,407499999	0,408399999	0,408800006	0,409000009	0,406800002	0,409700006	0,407799989	0,407900006	0,408800006	0,412	0,407700002	0,410400003	0,409500003	0,409099996	0,409700006	0,410899997	0,411300004	0,4102	0,412200004	0,41049999	0,412699997	0,412699997	0,413300008	0,414299995	0,412800014	0,410899997	0,415600002	0,413599998	0,417199999	0,416799992	0,416599989	0,418500006	0,418500006	0,417400002	0,419800013	0,418599993	0,419	0,419800013	0,420100003	0,422100008	0,41870001	0,420300007	0,421099991	0,421400011	0,421000004	0,422500014	0,423299998	0,424800009	0,421600014	0,421900004	0,425300002	0,423599988	0,424299985	0,424800009	0,425700009	0,425700009	0,425099999	0,426800013	0,425900012	0,429800004	0,42719999	0,42930001	0,426699996	0,429800004	0,432799995	0,428000003	0,428000003	0,430000007	0,431100011	0,430299997	0,428299993	0,431499988	0,432399988	0,431699991	0,431100011	0,431800008	0,431600004	0,432099998	0,434599996	0,432799995	0,433299989	0,432999998
F4	0,126100004	0,118900001	0,110200003	0,1087	0,112800002	0,112999998	0,120999999	0,123499997	0,119099997	0,1206	0,116499998	0,115800001	0,114200003	0,112300001	0,114299998	0,114	0,115099996	0,115800001	0,117299996	0,118100002	0,118600003	0,1193	0,120800003	0,121200003	0,120999999	0,121799998	0,122000001	0,1228	0,122299999	0,123000003	0,123499997	0,1237	0,1241	0,125100002	0,124899998	0,125499994	0,125699997	0,125499994	0,126200005	0,126300007	0,125799999	0,126499996	0,127200007	0,127100006	0,127599999	0,128000006	0,127700001	0,127800003	0,1285	0,128199995	0,129299998	0,129299998	0,129299998	0,130099997	0,130999997	0,131400004	0,131899998	0,131699994	0,132300004	0,132799998	0,133300006	0,1329	0,133900002	0,134800002	0,135100007	0,135100007	0,135800004	0,136899993	0,1373	0,137999997	0,138699993	0,138500005	0,139699996	0,140300006	0,140900001	0,141800001	0,141900003	0,142499998	0,143199995	0,143800005	0,144299999	0,1461	0,1461	0,146899998	0,146400005	0,148800001	0,149499997	0,149599999	0,150800005	0,151500002	0,151800007	0,152500004	0,153500006	0,154100001	0,1558	0,157199994	0,157000005	0,158099994	0,1602	0,160799995	0,162400007	0,163599998	0,163299993	0,165199995	0,166099995	0,167300001	0,169300005	0,170699999	0,170300007	0,170900002	0,172700003	0,1743	0,175600007	0,176100001	0,178499997	0,180399999	0,180199996	0,182600006	0,183599994	0,184200004	0,185000002	0,187299997	0,188099995	0,191300005	0,191300005	0,193200007	0,195099995	0,198400006	0,199699998	0,201900005	0,2051	0,209099993	0,212699994	0,215399995	0,221300006	0,224199995	0,227200001	0,232899994	0,234799996	0,238199994	0,242599994	0,246000007	0,247400001	0,249200001	0,251700014	0,253300011	0,25850001	0,261200011	0,263300002	0,266000003	0,26730001	0,272199988	0,272199988	0,275099993	0,279500008	0,279599994	0,283600003	0,284099996	0,287600011	0,288899988	0,291200012	0,293500006	0,296900004	0,298799992	0,301800013	0,304800004	0,305700004	0,307399988	0,311199993	0,31279999	0,314700007	0,317699999	0,319099993	0,322899997	0,324900001	0,327100009	0,3292	0,331400007	0,333799988	0,335099995	0,337199986	0,341600001	0,344099998	0,345499992	0,348500013	0,351000011	0,350199997	0,354900002	0,355699986	0,358900011	0,359100014	0,364600003	0,364499986	0,367500007	0,368900001	0,372999996	0,372900009	0,37529999	0,378500015	0,378399998	0,379599988	0,381000012	0,386299998	0,386299998	0,389200002	0,387699991	0,39199999	0,393700004	0,392800003	0,390799999	0,389899999	0,389800012	0,390100002	0,390199989	0,389200002	0,391200006	0,389600009	0,389499992	0,391400009	0,389200002	0,387600005	0,388599992	0,391000003	0,390500009	0,390300006	0,390199989	0,388399988	0,391799986	0,389800012	0,390399992	0,389800012	0,389800012	0,389699996	0,3917	0,391799986	0,389800012	0,390300006	0,391600013	0,391200006	0,392800003	0,39320001	0,393099993	0,391900003	0,391099989	0,393599987	0,39289999	0,393299997	0,393000007	0,393900007	0,394699991	0,394499987	0,396699995	0,395799994	0,395099998	0,395599991	0,397000015	0,397799999	0,397300005	0,394899994	0,398999989	0,397599995	0,397599995	0,399100006	0,400400013	0,399899989	0,398999989	0,398499995	0,400099993	0,40200001	0,399599999	0,400999993	0,400700003	0,401499987	0,401899993	0,402700007	0,403699994	0,402700007	0,405600011	0,399500012	0,406399995	0,403699994	0,407000005	0,405999988	0,404799998	0,405999988	0,406899989	0,406399995	0,408399999	0,404700011	0,407400012	0,408399999	0,409399986	0,408300012	0,406100005	0,408499986	0,409999996	0,411900014	0,411900014	0,41080001	0,410100013
F5	0,1131	0,120099999	0,122900002	0,129999995	0,123899996	0,132400006	0,129700005	0,128199995	0,131600007	0,126100004	0,1259	0,121200003	0,117799997	0,125799999	0,120700002	0,119099997	0,120300002	0,122299999	0,123199999	0,125300005	0,125	0,125599995	0,126000002	0,126599997	0,126499996	0,127700001	0,127900004	0,129099995	0,128999993	0,129700005	0,130400002	0,130500004	0,130199999	0,131500006	0,131200001	0,131500006	0,132100001	0,132200003	0,132699996	0,133399993	0,133100003	0,133399993	0,1338	0,133699998	0,134399995	0,134000003	0,134499997	0,134399995	0,135800004	0,135499999	0,136700004	0,136299998	0,136500001	0,136600003	0,137099996	0,136899993	0,137400001	0,137899995	0,137999997	0,137899995	0,138899997	0,138999999	0,138999999	0,139799997	0,140300006	0,140900001	0,140000001	0,141299993	0,141399994	0,141399994	0,141900003	0,142800003	0,1426	0,143199995	0,143600002	0,144700006	0,144600004	0,145300001	0,145600006	0,145699993	0,147200003	0,1479	0,147799999	0,149000004	0,149700001	0,149700001	0,150700003	0,150199994	0,1514	0,151299998	0,152400002	0,152700007	0,153899997	0,154200003	0,155699998	0,155499995	0,155699998	0,156800002	0,157700002	0,157600001	0,159199998	0,159600005	0,161799997	0,160799995	0,162599996	0,162499994	0,164000005	0,164199993	0,1655	0,164800003	0,166600004	0,167699993	0,168500006	0,169799998	0,1708	0,170300007	0,170599997	0,172700003	0,173099995	0,174500003	0,175799996	0,175999999	0,175899997	0,178399995	0,179199994	0,179299995	0,179399997	0,180199996	0,182099998	0,181799993	0,182999998	0,185800001	0,185599998	0,187299997	0,190599993	0,191300005	0,193599999	0,195600003	0,196199998	0,197799996	0,200200006	0,202900007	0,204899997	0,206900001	0,208900005	0,209399998	0,213499993	0,217099994	0,217999995	0,221799999	0,226799995	0,229300007	0,231600001	0,234500006	0,236699998	0,239899993	0,243000001	0,246000007	0,247999996	0,247600004	0,249799997	0,253699988	0,256399989	0,257299989	0,25909999	0,261099994	0,263000011	0,265899986	0,2667	0,26820001	0,272000015	0,271200001	0,273699999	0,27700001	0,277200013	0,278200001	0,282700002	0,283699989	0,285899997	0,287200004	0,287699997	0,292299986	0,29339999	0,298200011	0,296200007	0,298700005	0,30309999	0,304100007	0,303200006	0,305599988	0,307500005	0,308899999	0,308699995	0,31099999	0,314099997	0,316100001	0,318800002	0,318699986	0,32069999	0,323799998	0,326400012	0,325500011	0,32949999	0,330599993	0,332800001	0,334899992	0,337000012	0,337399989	0,34040001	0,339899987	0,342500001	0,343199998	0,344599992	0,348399997	0,349400014	0,350699991	0,354900002	0,353500009	0,356700003	0,356599987	0,358200014	0,3583	0,360599995	0,358599991	0,35800001	0,358200014	0,356999993	0,357600003	0,3574	0,356000006	0,356700003	0,356599987	0,354600012	0,359699994	0,358200014	0,355699986	0,356700003	0,356299996	0,356900007	0,357199997	0,35800001	0,355800003	0,356299996	0,355199993	0,360000014	0,3574	0,357899994	0,357899994	0,357899994	0,357800007	0,359800011	0,360199988	0,359200001	0,356099993	0,35710001	0,3574	0,359899998	0,359400004	0,356000006	0,359499991	0,359499991	0,359200001	0,359200001	0,359400004	0,3583	0,360000014	0,357499987	0,356999993	0,359299988	0,361600012	0,359299988	0,359100014	0,359400004	0,360900015	0,361299992	0,360100001	0,361699998	0,361499995	0,359400004	0,362199992	0,361499995	0,363900006	0,361000001	0,363200009	0,362899989	0,363900006	0,363000005	0,363700002	0,363499999	0,36559999	0,366400003	0,364499986	0,3653	0,36469999	0,365500003	0,367399991	0,368999988	0,367799997	0,367599994	0,3653
F6	0,110399999	0,1096	0,109099999	0,112300001	0,112899996	0,116300002	0,108000003	0,1162	0,111699998	0,111000001	0,113499999	0,113399997	0,121299997	0,114699997	0,115900002	0,120899998	0,1175	0,118199997	0,118600003	0,120499998	0,121200003	0,1219	0,123099998	0,123599999	0,123599999	0,125100002	0,125	0,125300005	0,126300007	0,126499996	0,127399996	0,127700001	0,127499998	0,128299996	0,127800003	0,128700003	0,128999993	0,128700003	0,129099995	0,129700005	0,129700005	0,129700005	0,130600005	0,130400002	0,130500004	0,131099999	0,131099999	0,131200001	0,131200001	0,131200001	0,131799996	0,132499993	0,132499993	0,132200003	0,132400006	0,132799998	0,132499993	0,133300006	0,133000001	0,133300006	0,134000003	0,1347	0,134900004	0,135199994	0,135199994	0,135700002	0,134800002	0,135700002	0,136500001	0,136899993	0,136600003	0,136899993	0,136800006	0,137600005	0,137899995	0,137799993	0,138999999	0,1391	0,139200002	0,139400005	0,139899999	0,140900001	0,140300006	0,141200006	0,141100004	0,141599998	0,141800001	0,1426	0,143199995	0,143199995	0,143700004	0,144500002	0,143999994	0,144500002	0,145099998	0,144999996	0,145099998	0,146500006	0,147	0,146799996	0,1479	0,148300007	0,148100004	0,149499997	0,149100006	0,150299996	0,151099995	0,150999993	0,151700005	0,151600003	0,151700005	0,153200001	0,153300002	0,153799996	0,154300004	0,154899999	0,156200007	0,154899999	0,1567	0,158000007	0,1567	0,156800002	0,158600003	0,158999994	0,159400001	0,160099998	0,160600007	0,160600007	0,161400005	0,162499994	0,162799999	0,164399996	0,163699999	0,165800005	0,166600004	0,166899994	0,166899994	0,166800007	0,167699993	0,168699995	0,1699	0,170699999	0,171100006	0,172099993	0,171599999	0,173999995	0,173500001	0,174999997	0,176100001	0,175899997	0,176899999	0,1778	0,178900003	0,180099994	0,179900005	0,180800006	0,181500003	0,183300003	0,186100006	0,185499996	0,1875	0,187999994	0,192900002	0,195299998	0,197099999	0,198400006	0,201000005	0,203500003	0,208100006	0,209000006	0,210800007	0,213300005	0,213	0,218199998	0,219400004	0,221300006	0,2236	0,227599993	0,228699997	0,230399996	0,231700003	0,233700007	0,236900002	0,239399999	0,2377	0,242400005	0,243599996	0,246099994	0,247199997	0,249699995	0,250999987	0,253600001	0,253600001	0,255800009	0,256599993	0,260100007	0,260699987	0,259900004	0,264200002	0,263500005	0,264999986	0,264400005	0,268400013	0,270000011	0,270999998	0,272500008	0,275700003	0,274800003	0,277200013	0,279799998	0,279399991	0,280600011	0,284099996	0,284399986	0,28580001	0,288300008	0,289799988	0,290699989	0,292400002	0,29460001	0,297199994	0,294800013	0,295899987	0,300099999	0,300300002	0,304399997	0,30250001	0,3046	0,306499988	0,310099989	0,311100006	0,308999985	0,309799999	0,317099988	0,319299996	0,314599991	0,317699999	0,320800006	0,323300004	0,322100013	0,324000001	0,325100005	0,328799993	0,327499986	0,332599998	0,33039999	0,334100008	0,334399998	0,334399998	0,333000004	0,337099999	0,335000008	0,333799988	0,332300007	0,332700014	0,33070001	0,332599998	0,33160001	0,328599989	0,33070001	0,331800014	0,33160001	0,330300003	0,330199987	0,329899997	0,333000004	0,326799989	0,32980001	0,332599998	0,330900013	0,32980001	0,330199987	0,32980001	0,330199987	0,330900013	0,330799997	0,330000013	0,333000004	0,327800006	0,331800014	0,3301	0,331499994	0,332399994	0,332599998	0,332500011	0,33160001	0,333600014	0,333799988	0,333700001	0,333099991	0,334600002	0,332100004	0,331	0,331499994	0,331800014	0,331999987	0,334899992	0,335299999	0,336299986	0,335799992
F7	0,114600003	0,114200003	0,115800001	0,1193	0,119599998	0,1219	0,131500006	0,130999997	0,124200001	0,128299996	0,129299998	0,126699999	0,119099997	0,121600002	0,1237	0,1259	0,1259	0,127599999	0,128299996	0,129899994	0,128700003	0,1294	0,129700005	0,130099997	0,129600003	0,130799994	0,131300002	0,132499993	0,132499993	0,133000001	0,133599997	0,133900002	0,134800002	0,134900004	0,134499997	0,135399997	0,136399999	0,135900006	0,136500001	0,136199996	0,137400001	0,136700004	0,137500003	0,137500003	0,137899995	0,138600007	0,138600007	0,138899997	0,138999999	0,139200002	0,139899999	0,140100002	0,140100002	0,139799997	0,140499994	0,140400007	0,140599996	0,140900001	0,141800001	0,141399994	0,141599998	0,142100006	0,143199995	0,143399999	0,1435	0,143199995	0,144500002	0,144099995	0,143399999	0,144299999	0,145400003	0,144999996	0,144999996	0,145999998	0,146200001	0,146500006	0,146799996	0,146899998	0,147699997	0,147300005	0,149800003	0,149399996	0,149800003	0,151099995	0,150600001	0,151199996	0,150700003	0,152600005	0,152700007	0,152999997	0,153400004	0,154100001	0,154200003	0,155300006	0,155399993	0,156299993	0,155300006	0,156800002	0,157199994	0,157100007	0,158700004	0,159299999	0,159500003	0,159899995	0,160899997	0,160799995	0,163100004	0,164499998	0,1646	0,165099993	0,165800005	0,1655	0,166800007	0,167799994	0,169	0,168099999	0,168400005	0,170200005	0,170599997	0,172099993	0,172700003	0,172700003	0,173299998	0,174099997	0,1752	0,176300004	0,176100001	0,177200004	0,178100005	0,177000001	0,179800004	0,179499999	0,179900005	0,181999996	0,182099998	0,183500007	0,185499996	0,185900003	0,185800001	0,187399998	0,190599993	0,189199999	0,190599993	0,192200005	0,192599997	0,1928	0,194299996	0,195700005	0,198599994	0,200399995	0,203500003	0,207300007	0,209700003	0,210500002	0,214399993	0,218700007	0,2183	0,220899999	0,2245	0,226600006	0,228799999	0,230299994	0,232600003	0,233600006	0,237100005	0,238600001	0,240600005	0,244000003	0,2465	0,250499994	0,251800001	0,251899987	0,255299985	0,256799996	0,257499993	0,2588	0,261999995	0,262199998	0,264699996	0,267500013	0,264800012	0,268700004	0,271100014	0,272500008	0,272399992	0,274800003	0,276499987	0,275999993	0,278100014	0,281500012	0,281399995	0,284200013	0,284999996	0,287999988	0,28670001	0,290399998	0,292699993	0,293000013	0,293799996	0,294200003	0,297800004	0,298000008	0,300199986	0,300000012	0,304500014	0,304199994	0,308299989	0,306300014	0,308099985	0,307799995	0,311199993	0,313699991	0,316100001	0,315299988	0,317799985	0,318199992	0,319700003	0,321200013	0,320499986	0,32249999	0,327199996	0,325300008	0,326299995	0,329100013	0,328700006	0,331400007	0,333700001	0,332899988	0,333299994	0,335200012	0,33829999	0,335999995	0,337900013	0,338699996	0,336800009	0,335700005	0,337300003	0,338200003	0,336600006	0,334399998	0,335700005	0,334199995	0,337099999	0,334800005	0,336299986	0,336699992	0,338499993	0,336600006	0,336499989	0,334100008	0,337199986	0,335700005	0,33919999	0,335500002	0,334800005	0,334600002	0,336499989	0,337099999	0,335099995	0,335900009	0,337500006	0,338400006	0,337199986	0,337599993	0,333299994	0,336299986	0,335000008	0,337700009	0,336499989	0,336699992	0,338400006	0,338	0,337500006	0,335599989	0,338099986	0,339300007	0,337799996	0,340499997	0,337099999	0,34009999	0,338699996	0,342999995	0,342000008	0,340200007	0,339100003	0,341199994	0,342200011	0,342099994	0,340600014	0,342700005	0,343499988	0,341100007	0,341699988	0,343100011	0,341399997	0,341500014	0,345299989	0,343800008	0,345999986	0,345200002
F8	0,134800002	0,126900002	0,116400003	0,129700005	0,1096	0,109999999	0,110699996	0,112300001	0,113899998	0,114699997	0,115400001	0,119800001	0,118699998	0,121299997	0,119800001	0,123300001	0,130199999	0,130400002	0,127700001	0,128900006	0,131600007	0,131400004	0,1303	0,130600005	0,129299998	0,130099997	0,128999993	0,129099995	0,128999993	0,128900006	0,129199997	0,129500002	0,130099997	0,130899996	0,130099997	0,130600005	0,131600007	0,131200001	0,131500006	0,131699994	0,131500006	0,132799998	0,132499993	0,131699994	0,132200003	0,133300006	0,132300004	0,132400006	0,133000001	0,132200003	0,133499995	0,132699996	0,132799998	0,133000001	0,133200005	0,133699998	0,133300006	0,133300006	0,134100005	0,134200007	0,134299994	0,133900002	0,134499997	0,134499997	0,1347	0,135000005	0,134000003	0,135000005	0,135299996	0,135299996	0,135499999	0,135100007	0,135900006	0,134800002	0,136399999	0,136000007	0,136099994	0,136399999	0,135800004	0,136299998	0,136099994	0,138099998	0,137999997	0,136800006	0,136999995	0,137400001	0,137700006	0,138099998	0,1382	0,138300002	0,138799995	0,138899997	0,138899997	0,138899997	0,139200002	0,139400005	0,139300004	0,140400007	0,140400007	0,140200004	0,141800001	0,142000005	0,141800001	0,141800001	0,141000003	0,141599998	0,142499998	0,142900005	0,142499998	0,142100006	0,142199993	0,143399999	0,144199997	0,144199997	0,144800007	0,144700006	0,145099998	0,144999996	0,144999996	0,145300001	0,145799994	0,146500006	0,145999998	0,147	0,147	0,146300003	0,147400007	0,147400007	0,148499995	0,147799999	0,148699999	0,148800001	0,149900004	0,150800005	0,151500002	0,151299998	0,151299998	0,151999995	0,151500002	0,1523	0,153600007	0,153300002	0,152999997	0,154400006	0,154499993	0,155499995	0,155100003	0,154499993	0,156299993	0,156000003	0,156499997	0,159099996	0,158099994	0,158600003	0,158700004	0,159799993	0,160400003	0,160699993	0,161300004	0,160500005	0,162499994	0,162	0,161799997	0,163399994	0,163499996	0,1646	0,1655	0,166500002	0,168699995	0,168899998	0,169499993	0,169499993	0,171399996	0,170900002	0,172700003	0,173700005	0,176100001	0,177699998	0,177399993	0,179000005	0,179000005	0,194499999	0,204099998	0,208299994	0,2095	0,209900007	0,211600006	0,212599993	0,215100005	0,216499999	0,218099996	0,219099998	0,221200004	0,224600002	0,224600002	0,225899994	0,228499994	0,230199993	0,229100004	0,230800003	0,233199999	0,2324	0,234599993	0,235499993	0,236399993	0,236000001	0,239500001	0,238700002	0,241699994	0,239600003	0,238800004	0,241300002	0,241099998	0,242500007	0,244100004	0,2447	0,2447	0,245700002	0,246900007	0,247799993	0,248600006	0,247899994	0,249400005	0,248999998	0,2509	0,253100008	0,253100008	0,253199995	0,253899992	0,253699988	0,255499989	0,253399998	0,257099986	0,258399993	0,259799987	0,257499993	0,260899991	0,262600005	0,261700004	0,265199989	0,263799995	0,266200006	0,266499996	0,266900003	0,270399988	0,269699991	0,268000007	0,269899994	0,273900002	0,273999989	0,271800011	0,27669999	0,2764	0,275999993	0,2764	0,278499991	0,280800015	0,279599994	0,280000001	0,282499999	0,285899997	0,285100013	0,285299987	0,28549999	0,283800006	0,285100013	0,282999992	0,282599986	0,284000009	0,286799997	0,286799997	0,287099987	0,285899997	0,284200013	0,28459999	0,286599994	0,284299999	0,290499985	0,284999996	0,286500007	0,285299987	0,289000005	0,289099991	0,286300004	0,286599994	0,286900014	0,289299995	0,285899997	0,28580001	0,288800001	0,288599998	0,288899988	0,287099987	0,288500011	0,289299995	0,288199991	0,289900005	0,290399998	0,292199999	0,290100008
F9	0,133000001	0,134200007	0,122599997	0,116300002	0,124300003	0,128299996	0,126000002	0,1206	0,122100003	0,127200007	0,121299997	0,121699996	0,120499998	0,1237	0,123400003	0,126000002	0,122500002	0,122500002	0,125699997	0,125	0,125799999	0,126100004	0,126399994	0,127399996	0,127000004	0,127900004	0,128399998	0,129199997	0,1294	0,129600003	0,129899994	0,129700005	0,130199999	0,130899996	0,130500004	0,131500006	0,131899998	0,130700007	0,132200003	0,131300002	0,131799996	0,131899998	0,131799996	0,132100001	0,131899998	0,1329	0,132300004	0,132300004	0,132499993	0,132799998	0,132699996	0,133000001	0,132499993	0,133699998	0,132599995	0,132799998	0,132499993	0,133000001	0,133900002	0,133399993	0,133399993	0,133300006	0,133599997	0,133499995	0,133599997	0,133599997	0,133399993	0,133100003	0,134200007	0,1338	0,134200007	0,134000003	0,133699998	0,134000003	0,134100005	0,134399995	0,134599999	0,134399995	0,134399995	0,134299994	0,135299996	0,135299996	0,134800002	0,135399997	0,135499999	0,135700002	0,135499999	0,135399997	0,135700002	0,135499999	0,136299998	0,135800004	0,135600001	0,136000007	0,136399999	0,135800004	0,135700002	0,136000007	0,136299998	0,136600003	0,136000007	0,136700004	0,137500003	0,136800006	0,136800006	0,137500003	0,137500003	0,138300002	0,1373	0,137799993	0,137500003	0,138500005	0,138099998	0,138400003	0,138999999	0,138999999	0,138999999	0,138999999	0,1391	0,138600007	0,138500005	0,1382	0,138600007	0,139400005	0,138899997	0,139300004	0,139400005	0,138999999	0,140100002	0,139599994	0,139400005	0,139899999	0,140599996	0,140499994	0,140799999	0,140699998	0,140400007	0,141299993	0,141299993	0,140699998	0,142199993	0,142100006	0,142299995	0,142299995	0,142399997	0,143000007	0,142700002	0,142800003	0,142800003	0,1426	0,143099993	0,143700004	0,142800003	0,143800005	0,144600004	0,145199999	0,144600004	0,145300001	0,144700006	0,145899996	0,145500004	0,146500006	0,146899998	0,146799996	0,147200003	0,148000002	0,148599997	0,147799999	0,148699999	0,148900002	0,150399998	0,149800003	0,150700003	0,150399998	0,1505	0,151800007	0,152400002	0,152099997	0,151800007	0,151299998	0,1523	0,153999999	0,153300002	0,153400004	0,154899999	0,154799998	0,153899997	0,154599994	0,154699996	0,156200007	0,1558	0,155100003	0,156200007	0,156599998	0,156200007	0,158299997	0,158500001	0,158399999	0,159600005	0,1611	0,162200004	0,163699999	0,177100003	0,183200002	0,186299995	0,186900005	0,189700007	0,191499993	0,192499995	0,193800002	0,194199994	0,194900006	0,195500001	0,197999999	0,198699996	0,200000003	0,200000003	0,200499997	0,201700002	0,203299999	0,204400003	0,2042	0,206499994	0,206599995	0,207100004	0,208800003	0,208399996	0,209199995	0,209700003	0,2104	0,212500006	0,213	0,214300007	0,215700001	0,215499997	0,216299996	0,217299998	0,218400002	0,217999995	0,219600007	0,221200004	0,220799997	0,223100007	0,223100007	0,221699998	0,222599998	0,223000005	0,223700002	0,223900005	0,224399999	0,224800006	0,225600004	0,225400001	0,227799997	0,226199999	0,2271	0,227200001	0,225799993	0,228400007	0,228200004	0,230900005	0,229499996	0,231800005	0,230399996	0,228599995	0,231000006	0,230700001	0,2324	0,234300002	0,235100001	0,234099999	0,234500006	0,235100001	0,235400006	0,234500006	0,236699998	0,236499995	0,238199994	0,237499997	0,239199996	0,239700004	0,2412	0,241600007	0,241600007	0,241999999	0,244499996	0,244100004	0,244100004	0,244900003	0,247999996	0,247899994	0,247700006	0,246199995	0,248999998	0,251899987	0,251300007	0,252400011	0,252900004	0,253699988	0,254400015
F10	0,114500001	0,121399999	0,113300003	0,110799998	0,111000001	0,110399999	0,108499996	0,1131	0,112099998	0,113499999	0,120700002	0,114600003	0,116999999	0,115500003	0,116099998	0,120800003	0,118900001	0,1175	0,119199999	0,1259	0,1228	0,122400001	0,124799997	0,124399997	0,124799997	0,1259	0,126200005	0,126499996	0,126100004	0,126800001	0,126399994	0,127200007	0,127200007	0,128199995	0,127599999	0,127900004	0,128199995	0,128099993	0,128999993	0,1285	0,128900006	0,128600001	0,128800005	0,128999993	0,129299998	0,129600003	0,129899994	0,129299998	0,129500002	0,129500002	0,129500002	0,129999995	0,129800007	0,1303	0,1294	0,129899994	0,129700005	0,129800007	0,129999995	0,129800007	0,131200001	0,130899996	0,130999997	0,1303	0,130799994	0,131200001	0,131099999	0,130700007	0,130999997	0,130799994	0,131699994	0,131099999	0,131500006	0,131200001	0,130999997	0,131699994	0,131799996	0,131899998	0,131799996	0,131999999	0,131600007	0,132200003	0,132699996	0,132400006	0,132499993	0,132300004	0,132200003	0,133100003	0,1329	0,132400006	0,133399993	0,132599995	0,132699996	0,133399993	0,132699996	0,133000001	0,1329	0,133399993	0,133000001	0,133200005	0,133499995	0,134299994	0,133300006	0,134399995	0,134100005	0,1338	0,134499997	0,134200007	0,1347	0,134100005	0,134299994	0,1347	0,134000003	0,135199994	0,134299994	0,135299996	0,1347	0,135499999	0,135100007	0,135000005	0,135399997	0,135299996	0,135700002	0,135499999	0,136299998	0,135800004	0,135800004	0,135900006	0,136600003	0,135399997	0,136000007	0,136399999	0,136600003	0,136000007	0,136299998	0,136800006	0,137199998	0,136999995	0,136800006	0,136999995	0,137500003	0,137199998	0,136899993	0,137400001	0,137199998	0,137799993	0,138300002	0,138099998	0,1373	0,138099998	0,1382	0,138300002	0,138099998	0,138500005	0,138699993	0,138699993	0,138300002	0,138999999	0,139400005	0,139699996	0,139599994	0,139599994	0,139899999	0,139899999	0,139699996	0,140400007	0,140900001	0,140200004	0,141100004	0,141299993	0,141800001	0,141599998	0,142299995	0,141599998	0,141900003	0,142000005	0,142299995	0,1435	0,142800003	0,141299993	0,142100006	0,143900007	0,142800003	0,1435	0,143099993	0,144299999	0,143999994	0,144199997	0,144600004	0,143999994	0,143999994	0,144999996	0,144600004	0,145799994	0,145099998	0,145799994	0,145099998	0,144899994	0,144500002	0,145699993	0,145899996	0,146300003	0,146200001	0,146599993	0,147300005	0,146200001	0,146899998	0,147300005	0,146599993	0,147400007	0,146500006	0,147300005	0,148100004	0,147400007	0,147699997	0,1479	0,147599995	0,148200005	0,148200005	0,148300007	0,147599995	0,147799999	0,148100004	0,148000002	0,1479	0,148300007	0,149200007	0,147400007	0,148100004	0,148300007	0,146699995	0,147100002	0,148200005	0,148900002	0,149299994	0,150399998	0,1505	0,152600005	0,152700007	0,153500006	0,155900002	0,156100005	0,157199994	0,158999994	0,159500003	0,1611	0,162200004	0,163900003	0,164800003	0,1664	0,167300001	0,167999998	0,168599993	0,168500006	0,171900004	0,173099995	0,172900006	0,174400002	0,174600005	0,176300004	0,1778	0,1778	0,180000007	0,180800006	0,180500001	0,183300003	0,180999994	0,181799993	0,182999998	0,183799997	0,182600006	0,182999998	0,184499994	0,184699997	0,185599998	0,187199995	0,1866	0,187299997	0,185900003	0,187800005	0,185900003	0,187600002	0,188600004	0,187199995	0,186700001	0,187800005	0,188899994	0,188999996	0,187199995	0,187700003	0,187000006	0,186800003	0,187199995	0,187800005	0,188600004	0,186700001	0,188099995	0,187999994	0,190200001	0,188999996
F11	0,134499997	0,117299996	0,112800002	0,111100003	0,109800003	0,109700002	0,116599999	0,116400003	0,115599997	0,117799997	0,121799998	0,118000001	0,1228	0,125400007	0,127700001	0,1228	0,119800001	0,1206	0,122199997	0,122199997	0,122500002	0,1237	0,124200001	0,124499999	0,125499994	0,126800001	0,126599997	0,127000004	0,127599999	0,127700001	0,127800003	0,127299994	0,128099993	0,128800005	0,128199995	0,128900006	0,1285	0,128800005	0,1294	0,129199997	0,129299998	0,129199997	0,129800007	0,129600003	0,129700005	0,129999995	0,129899994	0,129500002	0,129700005	0,130400002	0,130999997	0,130400002	0,129700005	0,130099997	0,129999995	0,130400002	0,1303	0,130999997	0,130700007	0,130899996	0,130799994	0,130400002	0,130400002	0,131300002	0,130799994	0,130999997	0,131099999	0,130700007	0,130600005	0,130799994	0,131899998	0,130999997	0,130600005	0,131200001	0,131400004	0,131400004	0,131500006	0,131699994	0,132100001	0,131300002	0,131699994	0,131999999	0,131899998	0,132400006	0,131699994	0,132400006	0,132699996	0,132300004	0,132200003	0,132300004	0,131999999	0,132599995	0,132699996	0,133200005	0,133100003	0,133300006	0,133399993	0,133900002	0,133499995	0,133100003	0,134100005	0,134200007	0,134000003	0,133300006	0,1338	0,134499997	0,1338	0,134499997	0,134800002	0,134399995	0,134399995	0,134200007	0,134499997	0,134299994	0,134499997	0,134499997	0,134200007	0,135100007	0,134499997	0,134800002	0,135600001	0,135199994	0,135299996	0,135499999	0,135399997	0,135399997	0,135299996	0,135299996	0,135900006	0,136099994	0,136600003	0,136099994	0,136899993	0,136500001	0,136000007	0,136999995	0,137099996	0,136999995	0,136999995	0,137400001	0,137400001	0,137799993	0,137500003	0,1382	0,1382	0,138600007	0,138400003	0,138400003	0,138999999	0,138699993	0,138500005	0,140200004	0,139200002	0,138999999	0,139599994	0,141100004	0,140699998	0,140699998	0,140499994	0,140300006	0,141200006	0,142199993	0,141900003	0,141599998	0,141200006	0,142800003	0,142900005	0,142800003	0,143600002	0,143700004	0,143399999	0,143800005	0,144500002	0,144199997	0,144500002	0,1435	0,145400003	0,145500004	0,145500004	0,145699993	0,145199999	0,146300003	0,145999998	0,146599993	0,146699995	0,147200003	0,147599995	0,147799999	0,1479	0,148699999	0,149000004	0,148800001	0,149700001	0,149700001	0,149800003	0,149000004	0,150399998	0,150099993	0,149800003	0,150199994	0,150999993	0,1505	0,151199996	0,150700003	0,151899993	0,152899995	0,151700005	0,151700005	0,153200001	0,153699994	0,153400004	0,152999997	0,153799996	0,154300004	0,154300004	0,154400006	0,153600007	0,154899999	0,155599996	0,155399993	0,156299993	0,155000001	0,155599996	0,156100005	0,155900002	0,156599998	0,157800004	0,156900004	0,157800004	0,157600001	0,158000007	0,157900006	0,158999994	0,157900006	0,158999994	0,159600005	0,159700006	0,158800006	0,158999994	0,159299999	0,159999996	0,160099998	0,158999994	0,159799993	0,163100004	0,163699999	0,165299997	0,166999996	0,167500004	0,170300007	0,169499993	0,170200005	0,172600001	0,171700001	0,172199994	0,173600003	0,175300002	0,175400004	0,175799996	0,177399993	0,178599998	0,178800002	0,180899993	0,180600002	0,181899995	0,1831	0,182999998	0,186100006	0,188299999	0,188500002	0,189400002	0,187999994	0,190300003	0,189500004	0,190799996	0,190699995	0,191799998	0,193000004	0,191499993	0,194800004	0,194299996	0,193399996	0,194999993	0,195199996	0,194600001	0,1954	0,194199994	0,194900006	0,195999995	0,195800006	0,197899997	0,1972	0,195800006	0,196899995	0,198100001	0,195700005	0,196600005	0,198400006	0,196400002	0,1963
F12	0,110200003	0,1074	0,105999999	0,105599999	0,105400003	0,1061	0,1065	0,1074	0,108499996	0,109700002	0,109800003	0,111100003	0,110799998	0,1118	0,113300003	0,113499999	0,114799999	0,114799999	0,115900002	0,115599997	0,118000001	0,116800003	0,118600003	0,118000001	0,119099997	0,119900003	0,119199999	0,119999997	0,120099999	0,119800001	0,120999999	0,120999999	0,120999999	0,120899998	0,122100003	0,122000001	0,122000001	0,122299999	0,122500002	0,1228	0,122500002	0,123800002	0,123300001	0,122599997	0,123199999	0,123800002	0,123199999	0,123000003	0,1237	0,123800002	0,124499999	0,123800002	0,123199999	0,124700002	0,124200001	0,1237	0,1241	0,124899998	0,124499999	0,124600001	0,125300005	0,125200003	0,125	0,125300005	0,1259	0,125599995	0,126300007	0,1259	0,126300007	0,126100004	0,1259	0,1259	0,126599997	0,127100006	0,127599999	0,127499998	0,127399996	0,127499998	0,128199995	0,1285	0,128000006	0,128399998	0,128800005	0,128999993	0,1285	0,129299998	0,129999995	0,1294	0,129299998	0,130700007	0,130799994	0,131200001	0,130999997	0,131200001	0,131999999	0,131899998	0,132100001	0,133100003	0,133000001	0,133699998	0,1338	0,134200007	0,134800002	0,135199994	0,134800002	0,135399997	0,135600001	0,135700002	0,137199998	0,136500001	0,137400001	0,137700006	0,138099998	0,138300002	0,138699993	0,138600007	0,139400005	0,139300004	0,139500007	0,139799997	0,140699998	0,141000003	0,140699998	0,140799999	0,141900003	0,1417	0,1417	0,1426	0,142700002	0,142800003	0,143700004	0,144099995	0,144500002	0,144600004	0,145400003	0,145799994	0,146400005	0,146699995	0,145899996	0,147100002	0,147300005	0,148000002	0,147300005	0,147599995	0,1479	0,149700001	0,150000006	0,150199994	0,149800003	0,149299994	0,149900004	0,151600003	0,1514	0,151199996	0,151999995	0,151999995	0,151800007	0,152700007	0,152999997	0,153300002	0,153600007	0,153999999	0,1558	0,154599994	0,155399993	0,154899999	0,156299993	0,155699998	0,156299993	0,156399995	0,157000005	0,156299993	0,157499999	0,157600001	0,158999994	0,158199996	0,160500005	0,160500005	0,160699993	0,160699993	0,161699995	0,161599994	0,161899999	0,161699995	0,163699999	0,163699999	0,163000003	0,163100004	0,163100004	0,1646	0,164700001	0,165099993	0,165399998	0,166500002	0,165600002	0,166700006	0,167199999	0,167300001	0,167099997	0,168500006	0,168500006	0,168200001	0,169200003	0,167999998	0,169100001	0,169	0,170300007	0,170599997	0,170399994	0,169799998	0,171399996	0,1708	0,170900002	0,171599999	0,171100006	0,171299994	0,171499997	0,172700003	0,173500001	0,173999995	0,173999995	0,1743	0,174500003	0,175099999	0,174199998	0,177599996	0,175899997	0,176200002	0,175899997	0,176100001	0,176899999	0,177300006	0,177200004	0,176499993	0,177599996	0,177100003	0,1778	0,179499999	0,178499997	0,177900001	0,178900003	0,179800004	0,179700002	0,180899993	0,182600006	0,180800006	0,180999994	0,180700004	0,181700006	0,181899995	0,181400001	0,180700004	0,180999994	0,180800006	0,180800006	0,181199998	0,181899995	0,182799995	0,181899995	0,180500001	0,182699993	0,182699993	0,183300003	0,183899999	0,184699997	0,183699995	0,183500007	0,183599994	0,184499994	0,184599996	0,183799997	0,183599994	0,185800001	0,184799999	0,184499994	0,182600006	0,185900003	0,1866	0,185299993	0,184900001	0,185800001	0,184300005	0,184900001	0,184799999	0,183200002	0,185399994	0,185299993	0,187000006	0,184400007	0,187399998	0,186000004	0,185499996	0,183500007	0,182999998	0,185399994	0,183200002	0,185200006	0,183699995	0,184599996	0,185699999
G1	0,109499998	0,118000001	0,124300003	0,125300005	0,124399997	0,123999998	0,112400003	0,117299996	0,120800003	0,118500002	0,125599995	0,1285	0,129999995	0,128199995	0,128199995	0,125200003	0,128099993	0,129500002	0,128999993	0,131699994	0,129500002	0,130899996	0,129700005	0,129600003	0,131500006	0,132300004	0,131699994	0,132100001	0,133399993	0,133599997	0,133499995	0,133300006	0,135299996	0,135199994	0,133499995	0,136199996	0,135199994	0,134900004	0,135700002	0,136899993	0,135900006	0,136099994	0,136199996	0,136700004	0,137400001	0,1373	0,137199998	0,138400003	0,138099998	0,1373	0,138500005	0,136999995	0,137400001	0,1373	0,1391	0,138600007	0,139500007	0,138999999	0,140400007	0,140499994	0,140900001	0,139899999	0,139799997	0,141200006	0,141299993	0,140499994	0,140900001	0,141200006	0,140599996	0,141499996	0,141399994	0,141900003	0,142299995	0,142199993	0,142499998	0,143199995	0,141900003	0,142800003	0,143199995	0,142800003	0,143399999	0,144400001	0,144999996	0,143900007	0,144199997	0,145699993	0,144800007	0,143900007	0,145799994	0,145300001	0,145500004	0,146699995	0,145699993	0,146699995	0,146400005	0,146300003	0,147599995	0,148100004	0,148200005	0,146599993	0,148200005	0,148000002	0,149900004	0,148599997	0,149200007	0,150199994	0,150000006	0,151700005	0,149900004	0,149299994	0,151800007	0,151700005	0,151500002	0,150999993	0,152099997	0,152400002	0,153699994	0,152199998	0,152500004	0,152500004	0,152899995	0,153300002	0,153600007	0,153400004	0,153200001	0,153799996	0,152899995	0,152899995	0,153400004	0,153500006	0,154100001	0,153500006	0,154400006	0,153500006	0,166500002	0,162200004	0,160300002	0,161599994	0,163900003	0,162100002	0,163100004	0,163499996	0,162699997	0,161300004	0,164900005	0,163200006	0,168599993	0,163599998	0,166800007	0,163100004	0,166600004	0,169599995	0,166099995	0,164199993	0,167400002	0,178000003	0,170599997	0,176599994	0,166099995	0,166500002	0,174099997	0,169699997	0,169799998	0,179100007	0,167799994	0,170599997	0,180000007	0,1743	0,170300007	0,172399998	0,172600001	0,182600006	0,173999995	0,179100007	0,172399998	0,171100006	0,173500001	0,172299996	0,166899994	0,181500003	0,169799998	0,173800007	0,179499999	0,173600003	0,171000004	0,172199994	0,175999999	0,173600003	0,1708	0,181199998	0,175400004	0,174899995	0,174400002	0,175699994	0,172499999	0,171000004	0,174799994	0,175899997	0,173999995	0,1743	0,171200007	0,186100006	0,189199999	0,1919	0,183400005	0,168599993	0,193200007	0,176499993	0,1752	0,174799994	0,189700007	0,187399998	0,175300002	0,177100003	0,176599994	0,182300001	0,181400001	0,196899995	0,183300003	0,194399998	0,188500002	0,177000001	0,178800002	0,187399998	0,175300002	0,194700003	0,176599994	0,178299993	0,201700002	0,1875	0,187700003	0,184599996	0,1831	0,177200004	0,191	0,209600002	0,190400004	0,184300005	0,179499999	0,177699998	0,177200004	0,1963	0,188999996	0,187299997	0,189400002	0,201499999	0,190200001	0,179000005	0,185299993	0,187600002	0,199900001	0,179700002	0,202299997	0,180099994	0,202900007	0,182099998	0,184499994	0,183599994	0,184200004	0,181600004	0,185000002	0,183899999	0,182300001	0,184699997	0,199699998	0,181799993	0,208800003	0,194700003	0,180299997	0,209999993	0,181400001	0,187399998	0,204300001	0,182999998	0,1822	0,200299993	0,179900005	0,203600004	0,216900006	0,180800006	0,201900005	0,180800006	0,202700004	0,199499995	0,200900003	0,204799995	0,203099996	0,213	0,211899996	0,197500005	0,196999997	0,195299998	0,180600002	0,188500002	0,207800001	0,195199996	0,181500003	0,192000002	0,205400005	0,179299995
G2	0,113700002	0,111699998	0,115199998	0,123400003	0,126300007	0,126200005	0,1237	0,123599999	0,119000003	0,120999999	0,122400001	0,118900001	0,118500002	0,117899999	0,118600003	0,119599998	0,120700002	0,121399999	0,121200003	0,122299999	0,122500002	0,123300001	0,123099998	0,123800002	0,124200001	0,125	0,124799997	0,125699997	0,125300005	0,126699999	0,126900002	0,127800003	0,127499998	0,128000006	0,129099995	0,129099995	0,129600003	0,129199997	0,1294	0,129700005	0,129800007	0,130700007	0,130500004	0,131200001	0,130899996	0,130799994	0,131799996	0,131600007	0,131899998	0,131500006	0,131300002	0,131899998	0,131799996	0,131999999	0,132300004	0,132499993	0,132300004	0,132799998	0,132799998	0,132400006	0,133000001	0,133200005	0,133399993	0,133100003	0,133499995	0,1338	0,134100005	0,134399995	0,134599999	0,1347	0,134599999	0,134399995	0,134800002	0,134599999	0,135499999	0,135800004	0,135199994	0,134900004	0,136199996	0,136299998	0,136099994	0,136700004	0,137400001	0,136299998	0,136700004	0,137700006	0,137199998	0,137400001	0,137999997	0,137700006	0,138099998	0,138099998	0,138500005	0,1382	0,139200002	0,138899997	0,139899999	0,140000001	0,138799995	0,139899999	0,139699996	0,140100002	0,140499994	0,141100004	0,140200004	0,140799999	0,141000003	0,141000003	0,140900001	0,141499996	0,141800001	0,141599998	0,141299993	0,1417	0,141200006	0,141800001	0,142199993	0,141399994	0,142199993	0,141800001	0,141800001	0,142100006	0,141900003	0,142499998	0,1426	0,142000005	0,142299995	0,142299995	0,142399997	0,1435	0,143000007	0,142800003	0,142399997	0,142900005	0,143099993	0,143800005	0,143900007	0,143299997	0,144099995	0,143700004	0,1435	0,143999994	0,145400003	0,145300001	0,145300001	0,143900007	0,144600004	0,145400003	0,144700006	0,144999996	0,144600004	0,145600006	0,145600006	0,145600006	0,145699993	0,146599993	0,147	0,147799999	0,147599995	0,148200005	0,148800001	0,148900002	0,149100006	0,149200007	0,149800003	0,150399998	0,150999993	0,1514	0,152600005	0,152799994	0,152899995	0,153699994	0,154200003	0,154699996	0,154899999	0,154400006	0,156599998	0,157100007	0,1567	0,156399995	0,157900006	0,157700002	0,158800006	0,159500003	0,160600007	0,159299999	0,162	0,158500001	0,160799995	0,159700006	0,159999996	0,160600007	0,160799995	0,160600007	0,160699993	0,161500007	0,162699997	0,162200004	0,1611	0,160999998	0,162	0,160999998	0,162	0,162	0,163299993	0,161899999	0,167500004	0,163499996	0,164299995	0,164199993	0,165299997	0,160300002	0,1602	0,160899997	0,160899997	0,166099995	0,159500003	0,157700002	0,158899993	0,161799997	0,159600005	0,1567	0,159799993	0,162200004	0,157199994	0,157299995	0,158999994	0,156399995	0,157700002	0,160400003	0,158899993	0,164800003	0,157399997	0,152799994	0,150999993	0,1523	0,150399998	0,149000004	0,146200001	0,145999998	0,145300001	0,146799996	0,144700006	0,145300001	0,143600002	0,143999994	0,143900007	0,1426	0,142399997	0,142199993	0,141800001	0,140799999	0,141399994	0,140799999	0,142199993	0,140699998	0,141000003	0,140599996	0,152500004	0,153999999	0,142000005	0,162699997	0,148599997	0,151600003	0,142299995	0,152099997	0,165700004	0,141800001	0,153600007	0,140699998	0,144500002	0,159899995	0,142900005	0,144199997	0,157700002	0,155399993	0,152500004	0,169100001	0,158399999	0,147100002	0,149900004	0,156299993	0,155399993	0,145899996	0,151600003	0,153500006	0,152099997	0,168099999	0,1664	0,142000005	0,145899996	0,144400001	0,151099995	0,140699998	0,138400003	0,1435	0,144600004	0,1567	0,147599995	0,153400004
G3	0,110200003	0,107199997	0,1175	0,117700003	0,106200002	0,110699996	0,109099999	0,109099999	0,1118	0,1149	0,112899996	0,113700002	0,114399999	0,115999997	0,114699997	0,115699999	0,1162	0,116899997	0,119099997	0,119000003	0,119499996	0,120399997	0,120800003	0,121699996	0,121699996	0,122599997	0,1228	0,122500002	0,123000003	0,123800002	0,123899996	0,123300001	0,124300003	0,124499999	0,125100002	0,125	0,125499994	0,125300005	0,125100002	0,125	0,125699997	0,125799999	0,126200005	0,126300007	0,126000002	0,126399994	0,126699999	0,127100006	0,126800001	0,127499998	0,127800003	0,127299994	0,127200007	0,127399996	0,127200007	0,127499998	0,127200007	0,127800003	0,127800003	0,127800003	0,128299996	0,127599999	0,127499998	0,128000006	0,128099993	0,128199995	0,128800005	0,129199997	0,128700003	0,129299998	0,129099995	0,128999993	0,129099995	0,129199997	0,129600003	0,1303	0,129999995	0,129600003	0,1303	0,130500004	0,129800007	0,130400002	0,130500004	0,130199999	0,130600005	0,130600005	0,131099999	0,130999997	0,130600005	0,131099999	0,131200001	0,131400004	0,131799996	0,131600007	0,132400006	0,131699994	0,132100001	0,131799996	0,131699994	0,131899998	0,132799998	0,133200005	0,132200003	0,133399993	0,133100003	0,133200005	0,133599997	0,134100005	0,133599997	0,133599997	0,1347	0,132699996	0,133200005	0,133900002	0,134100005	0,133699998	0,134499997	0,133900002	0,134599999	0,134200007	0,134399995	0,134100005	0,134100005	0,135000005	0,134299994	0,134499997	0,134299994	0,135199994	0,135399997	0,135299996	0,135100007	0,134399995	0,134900004	0,134800002	0,135000005	0,135800004	0,135499999	0,136099994	0,135700002	0,135600001	0,136399999	0,136299998	0,135900006	0,135700002	0,136000007	0,135299996	0,135700002	0,135600001	0,134900004	0,135399997	0,135399997	0,135900006	0,136199996	0,136800006	0,135399997	0,135700002	0,135100007	0,135000005	0,136500001	0,135000005	0,135499999	0,136600003	0,136199996	0,135199994	0,134499997	0,135299996	0,133399993	0,133599997	0,134399995	0,134900004	0,136199996	0,136700004	0,137899995	0,140400007	0,137700006	0,140200004	0,1373	0,140799999	0,133100003	0,133699998	0,137400001	0,1382	0,145799994	0,137199998	0,143000007	0,147699997	0,1373	0,144299999	0,146200001	0,141399994	0,143299997	0,147699997	0,145899996	0,147699997	0,1391	0,146799996	0,138600007	0,142399997	0,150099993	0,130199999	0,134599999	0,1285	0,129099995	0,128700003	0,127800003	0,127000004	0,126800001	0,1259	0,124899998	0,125100002	0,124499999	0,124399997	0,1237	0,123599999	0,1237	0,122500002	0,122500002	0,122599997	0,122199997	0,1215	0,121399999	0,121200003	0,121799998	0,122400001	0,121600002	0,121600002	0,123800002	0,153099999	0,139400005	0,143099993	0,131400004	0,133699998	0,138500005	0,138899997	0,139400005	0,136999995	0,136700004	0,131799996	0,142100006	0,134200007	0,136000007	0,131400004	0,134299994	0,127499998	0,136399999	0,136899993	0,136899993	0,130400002	0,128800005	0,137199998	0,130500004	0,138099998	0,128600001	0,132400006	0,137799993	0,131999999	0,141800001	0,130199999	0,138600007	0,130099997	0,133300006	0,134900004	0,130199999	0,127800003	0,124799997	0,120800003	0,119400002	0,124499999	0,129999995	0,127299994	0,129899994	0,127100006	0,1285	0,131099999	0,1215	0,119099997	0,123899996	0,120499998	0,130799994	0,125200003	0,122599997	0,130500004	0,120899998	0,118900001	0,121399999	0,119999997	0,129700005	0,125699997	0,120300002	0,124399997	0,132499993	0,125499994	0,126800001	0,122100003	0,126200005	0,121299997	0,122400001	0,120999999	0,132400006	0,1215
G4	0,114399999	0,105800003	0,106299996	0,105899997	0,109300002	0,113200001	0,114299998	0,111900002	0,112099998	0,116899997	0,116599999	0,115999997	0,116499998	0,117399998	0,118100002	0,1193	0,119900003	0,1206	0,122100003	0,122299999	0,123400003	0,1241	0,124799997	0,126000002	0,126200005	0,127399996	0,128000006	0,128600001	0,128700003	0,129500002	0,129800007	0,130400002	0,131899998	0,131999999	0,131899998	0,133000001	0,133599997	0,1347	0,134100005	0,135399997	0,135299996	0,136299998	0,136899993	0,137099996	0,137700006	0,137999997	0,138600007	0,139699996	0,140900001	0,141100004	0,141900003	0,142499998	0,143700004	0,143399999	0,144400001	0,143800005	0,146200001	0,147	0,147699997	0,148000002	0,148699999	0,150700003	0,150800005	0,151999995	0,151899993	0,152899995	0,155399993	0,156499997	0,157399997	0,158199996	0,159500003	0,1602	0,161799997	0,162300006	0,164499998	0,165900007	0,1664	0,167799994	0,170100003	0,171200007	0,172800004	0,175300002	0,177200004	0,1778	0,180399999	0,182099998	0,183400005	0,185200006	0,186900005	0,189400002	0,190200001	0,191499993	0,196400002	0,195099995	0,197500005	0,199200004	0,206499994	0,203700006	0,205699995	0,208399996	0,210500002	0,213100001	0,215599999	0,217700005	0,225400001	0,220799997	0,223399997	0,226899996	0,228499994	0,232099995	0,234099999	0,236300007	0,238700002	0,2412	0,245700002	0,249799997	0,250200003	0,25060001	0,253100008	0,256000012	0,259200007	0,25999999	0,262100011	0,267100006	0,269300014	0,272100002	0,274599999	0,279000014	0,280999988	0,289700001	0,287299991	0,295899987	0,301200002	0,297199994	0,301200002	0,30250001	0,305900007	0,307599992	0,310499996	0,31400001	0,317600012	0,318899989	0,322699994	0,323300004	0,324999988	0,326200008	0,330500007	0,333000004	0,335200012	0,337000012	0,339700013	0,343199998	0,345800012	0,345400006	0,352499992	0,351000011	0,350400001	0,350800008	0,353100002	0,351099998	0,352100015	0,352600008	0,351399988	0,352200001	0,353100002	0,354999989	0,354400009	0,357300013	0,356900007	0,355399996	0,356299996	0,3583	0,358099997	0,358500004	0,357300013	0,359600008	0,361299992	0,360300004	0,362199992	0,364100009	0,363000005	0,366899997	0,364300013	0,362599999	0,366899997	0,363799989	0,363000005	0,36500001	0,3662	0,36680001	0,36590001	0,370999992	0,367000014	0,371499985	0,370499998	0,369500011	0,372299999	0,370099992	0,373600006	0,371899992	0,371499985	0,372999996	0,373699993	0,380699992	0,378699988	0,375999987	0,378199995	0,377799988	0,378800005	0,381900012	0,384200007	0,381799996	0,381799996	0,384600013	0,382099986	0,385399997	0,386099994	0,387199998	0,387800008	0,38440001	0,387699991	0,387199998	0,388900012	0,390300006	0,390199989	0,393299997	0,393099993	0,394300014	0,393999994	0,39320001	0,395500004	0,395799994	0,395900011	0,397799999	0,399199992	0,398400009	0,398400009	0,399300009	0,400099993	0,401499987	0,401800007	0,401800007	0,402399987	0,404000014	0,405000001	0,405900002	0,405800015	0,408100009	0,406800002	0,407999992	0,410400003	0,415399998	0,4111	0,411000013	0,410699993	0,414299995	0,413500011	0,413199991	0,413500011	0,414099991	0,416500002	0,415300012	0,416299999	0,416399986	0,418199986	0,41929999	0,4199	0,419099987	0,418300003	0,420700014	0,421499997	0,422699988	0,421700001	0,421099991	0,423700005	0,424800009	0,424499989	0,423299998	0,425300002	0,426099986	0,426200002	0,426600009	0,428600013	0,426800013	0,425199986	0,425900012	0,425500005	0,423999995	0,423999995	0,425000012	0,424699992	0,425199986	0,424699992	0,424499989	0,424299985	0,424699992	0,4278	0,428799987	0,425300002	0,425500005
G5	0,112899996	0,1087	0,1065	0,108199999	0,109999999	0,107000001	0,1096	0,111199997	0,1109	0,113899998	0,111699998	0,113300003	0,115199998	0,116300002	0,116099998	0,120999999	0,1171	0,119499996	0,120800003	0,119599998	0,120899998	0,122000001	0,122100003	0,123400003	0,1241	0,124499999	0,125	0,126200005	0,126399994	0,127000004	0,127499998	0,127499998	0,128199995	0,129299998	0,129700005	0,1294	0,130099997	0,1303	0,129999995	0,131300002	0,131300002	0,132100001	0,1329	0,132499993	0,133100003	0,133599997	0,133900002	0,134599999	0,134599999	0,135399997	0,135700002	0,136099994	0,136899993	0,136999995	0,137700006	0,137799993	0,137700006	0,138500005	0,139500007	0,139200002	0,140699998	0,141000003	0,140499994	0,141399994	0,142800003	0,142499998	0,144099995	0,144600004	0,143700004	0,146200001	0,146300003	0,147100002	0,148200005	0,148200005	0,149299994	0,150299996	0,150299996	0,151600003	0,1523	0,152400002	0,153699994	0,1558	0,155499995	0,156599998	0,157600001	0,159299999	0,158500001	0,160600007	0,161699995	0,162699997	0,163499996	0,164100006	0,165700004	0,166999996	0,168500006	0,166600004	0,167899996	0,169799998	0,170100003	0,172099993	0,172700003	0,174600005	0,175699994	0,177200004	0,178800002	0,179900005	0,180000007	0,182600006	0,1831	0,185000002	0,185499996	0,187000006	0,189999998	0,190699995	0,191599995	0,193000004	0,194800004	0,196600005	0,197099999	0,198599994	0,200399995	0,200499997	0,202399999	0,2051	0,205500007	0,209199995	0,210999995	0,212599993	0,2148	0,216499999	0,217800006	0,220699996	0,223399997	0,222100005	0,224600002	0,226500005	0,229000002	0,230100006	0,232800007	0,2333	0,236100003	0,238900006	0,240799993	0,243100002	0,246099994	0,246900007	0,249899998	0,253500015	0,254400015	0,257800013	0,260100007	0,263000011	0,265199989	0,268099993	0,272799999	0,274399996	0,27669999	0,278600007	0,280900002	0,279500008	0,285400003	0,287800014	0,289000005	0,291700006	0,294	0,296600014	0,296299994	0,300300002	0,301699996	0,304500014	0,305299997	0,307799995	0,311699986	0,312700003	0,313699991	0,318800002	0,318199992	0,32190001	0,32190001	0,32249999	0,323700011	0,325399995	0,325100005	0,327600002	0,323599994	0,324999988	0,325800002	0,327100009	0,325599998	0,324699998	0,327600002	0,327100009	0,326200008	0,328099996	0,327300012	0,327300012	0,327800006	0,328200012	0,328900009	0,330500007	0,333900005	0,332100004	0,332599998	0,333200008	0,332700014	0,33129999	0,332800001	0,335299999	0,334899992	0,334600002	0,336100012	0,336299986	0,335399985	0,338400006	0,338999987	0,33919999	0,33919999	0,340200007	0,342200011	0,340499997	0,340799987	0,342799991	0,342599988	0,343800008	0,343499988	0,345999986	0,345999986	0,346799999	0,345600009	0,347200006	0,347799987	0,347799987	0,349900007	0,350600004	0,351500005	0,352800012	0,352800012	0,353500009	0,349799991	0,353199989	0,356299996	0,35679999	0,356900007	0,354799986	0,358200014	0,358900011	0,359600008	0,359800011	0,361699998	0,362199992	0,363700002	0,363499999	0,363299996	0,363499999	0,365399987	0,366299987	0,367000014	0,368699998	0,36590001	0,368499994	0,370799989	0,370099992	0,370900005	0,372999996	0,371399999	0,372599989	0,372900009	0,372000009	0,376899987	0,377299994	0,376199991	0,378699988	0,377499998	0,377700001	0,379700005	0,380899996	0,379700005	0,379900008	0,380100012	0,381999999	0,382600009	0,383899987	0,385899991	0,386799991	0,386599988	0,385500014	0,386099994	0,387199998	0,387699991	0,388700008	0,390100002	0,390100002	0,390899986	0,391000003	0,391600013	0,3926	0,393299997	0,395200014	0,393700004	0,394800007
G6	0,110600002	0,107299998	0,1061	0,104599997	0,105700001	0,105700001	0,107000001	0,107699998	0,109899998	0,109399997	0,111900002	0,112199999	0,114299998	0,114399999	0,115500003	0,116700001	0,1228	0,119999997	0,122299999	0,122500002	0,122699998	0,1228	0,123499997	0,124700002	0,124300003	0,125799999	0,126599997	0,126599997	0,126699999	0,127900004	0,128000006	0,128199995	0,128199995	0,128900006	0,129500002	0,129800007	0,129999995	0,130400002	0,130500004	0,130600005	0,130899996	0,131400004	0,131799996	0,132799998	0,132499993	0,133200005	0,1338	0,134299994	0,1338	0,134000003	0,134399995	0,135399997	0,135100007	0,135700002	0,135700002	0,135900006	0,135900006	0,137199998	0,137700006	0,136899993	0,138300002	0,138799995	0,138899997	0,139400005	0,139599994	0,140000001	0,141499996	0,141399994	0,142100006	0,1435	0,143700004	0,142499998	0,144199997	0,144899994	0,145999998	0,146300003	0,1461	0,147599995	0,147799999	0,149100006	0,149499997	0,151500002	0,150600001	0,151899993	0,152700007	0,153300002	0,153500006	0,153899997	0,155599996	0,156000003	0,156399995	0,157299995	0,158899993	0,159899995	0,159999996	0,161200002	0,162499994	0,163100004	0,164700001	0,164499998	0,1664	0,167400002	0,165399998	0,167699993	0,168699995	0,170000002	0,1699	0,170900002	0,172600001	0,174600005	0,174199998	0,177200004	0,1778	0,178900003	0,179900005	0,179800004	0,180700004	0,181799993	0,183500007	0,184100002	0,1875	0,1875	0,188199997	0,190500006	0,191799998	0,193700001	0,194399998	0,196500003	0,197600007	0,199499995	0,199300006	0,202500001	0,204400003	0,204400003	0,206300005	0,207399994	0,208199993	0,210199997	0,211799994	0,214200005	0,214499995	0,216499999	0,2192	0,221100003	0,221799999	0,223800004	0,225600004	0,226899996	0,227200001	0,2289	0,229599997	0,233799994	0,234400004	0,236000001	0,238199994	0,239600003	0,240799993	0,242200002	0,245499998	0,246000007	0,249200001	0,251199991	0,252000004	0,253800005	0,255800009	0,259900004	0,259799987	0,264299989	0,267199993	0,2667	0,270599991	0,271699995	0,273900002	0,274599999	0,277399987	0,281800002	0,281800002	0,283600003	0,284399986	0,287400007	0,288199991	0,289700001	0,293199986	0,296299994	0,296600014	0,297399998	0,299199998	0,300300002	0,301699996	0,301200002	0,304199994	0,303499997	0,303600013	0,3037	0,303600013	0,3037	0,303499997	0,303799987	0,302599996	0,304699987	0,305200011	0,303799987	0,303799987	0,303799987	0,304899991	0,302899987	0,305500001	0,305000007	0,30340001	0,304500014	0,305099994	0,305000007	0,305900007	0,305599988	0,306100011	0,306899995	0,306400001	0,3046	0,307200015	0,305799991	0,305999994	0,308299989	0,309199989	0,307900012	0,307900012	0,308499992	0,307700008	0,310000002	0,308600008	0,306899995	0,309500009	0,310299993	0,309799999	0,310799986	0,31279999	0,308899999	0,312599987	0,313600004	0,310400009	0,3116	0,31400001	0,31279999	0,314300001	0,314700007	0,314799994	0,314799994	0,317699999	0,315299988	0,314200014	0,31400001	0,317299992	0,317099988	0,316500008	0,317200005	0,317400008	0,317799985	0,319799989	0,320300013	0,317000002	0,319400012	0,321099997	0,32069999	0,319099993	0,32190001	0,321399987	0,323399991	0,324400008	0,32100001	0,323700011	0,323700011	0,325100005	0,324499995	0,327600002	0,326000005	0,327800006	0,326400012	0,328599989	0,326900005	0,327800006	0,328500003	0,328700006	0,330500007	0,329100013	0,330300003	0,331	0,330300003	0,331200004	0,330900013	0,332500011	0,333600014	0,331900001	0,334500015	0,331900001	0,335200012	0,334800005	0,334699988	0,335999995	0,336499989	0,335399985	0,334699988
G7	0,127399996	0,115000002	0,114500001	0,111400001	0,1131	0,1171	0,112899996	0,114500001	0,114699997	0,115099996	0,116599999	0,118100002	0,117799997	0,119099997	0,121200003	0,122900002	0,123899996	0,125200003	0,124799997	0,126399994	0,126900002	0,126599997	0,127100006	0,127700001	0,127800003	0,128399998	0,130099997	0,1294	0,130400002	0,131300002	0,131400004	0,131699994	0,131999999	0,132100001	0,134000003	0,132699996	0,134200007	0,134000003	0,134200007	0,1347	0,136800006	0,136000007	0,135000005	0,137099996	0,137500003	0,137400001	0,139200002	0,138500005	0,1391	0,139599994	0,140699998	0,141499996	0,140599996	0,143199995	0,143199995	0,144099995	0,144500002	0,146799996	0,147300005	0,146599993	0,149000004	0,149100006	0,149700001	0,151899993	0,152199998	0,152899995	0,155699998	0,156499997	0,156499997	0,158199996	0,158399999	0,160500005	0,161500007	0,163599998	0,165000007	0,165900007	0,166700006	0,168300003	0,169400007	0,170499995	0,171800002	0,174799994	0,175699994	0,176499993	0,178499997	0,179199994	0,180000007	0,181099996	0,184900001	0,184200004	0,187099993	0,188899994	0,191	0,193499997	0,197400004	0,199599996	0,200800002	0,203700006	0,207000002	0,208000004	0,212500006	0,214900002	0,216299996	0,2192	0,222800002	0,225999996	0,226799995	0,229800001	0,233700007	0,235799998	0,239500001	0,240799993	0,244399995	0,245700002	0,247799993	0,250400007	0,253800005	0,257200003	0,261200011	0,262899995	0,26789999	0,26789999	0,270099998	0,273299992	0,27610001	0,278100014	0,278100014	0,281599998	0,282299995	0,284700006	0,285100013	0,286799997	0,289999992	0,292699993	0,292600006	0,29370001	0,296900004	0,298799992	0,301699996	0,301699996	0,30430001	0,305400014	0,308099985	0,308699995	0,31189999	0,311399996	0,313300014	0,318899989	0,316500008	0,319799989	0,321799994	0,320600003	0,323500007	0,325300008	0,326799989	0,329400003	0,328399986	0,330900013	0,333400011	0,331800014	0,335399985	0,338499993	0,338800013	0,339100003	0,34040001	0,342799991	0,341800004	0,344099998	0,346700013	0,349400014	0,349299997	0,351000011	0,351200014	0,354400009	0,35589999	0,360300004	0,360000014	0,361900002	0,363299996	0,364100009	0,365399987	0,366899997	0,368000001	0,371100008	0,371800005	0,371800005	0,374599993	0,373899996	0,377600014	0,380100012	0,381599993	0,381500006	0,383599997	0,386599988	0,386000007	0,388099998	0,39199999	0,391400009	0,390300006	0,392500013	0,3926	0,397500008	0,397000015	0,397700012	0,400599986	0,400999993	0,405299991	0,405699998	0,405299991	0,408399999	0,407799989	0,409099996	0,409000009	0,411799997	0,415199995	0,414600015	0,414200008	0,417299986	0,417899996	0,41839999	0,420399994	0,421499997	0,423400015	0,425099999	0,426200002	0,427599996	0,427599996	0,428200006	0,431199998	0,430500001	0,434399992	0,434300005	0,43689999	0,437599987	0,436399996	0,437299997	0,439799994	0,442799985	0,442799985	0,442000002	0,447299987	0,444000006	0,445199996	0,4472	0,448100001	0,450100005	0,449699998	0,453299999	0,452399999	0,453900009	0,456099987	0,453799993	0,455900013	0,456699997	0,45629999	0,458400011	0,457700014	0,462000012	0,458499998	0,46450001	0,463999987	0,463499993	0,464399993	0,465299994	0,46450001	0,466600001	0,465900004	0,46540001	0,467299998	0,465499997	0,465299994	0,46509999	0,465000004	0,463800013	0,466199994	0,464700013	0,465200007	0,464599997	0,462599993	0,465999991	0,467200011	0,466100007	0,467200011	0,467099994	0,467299998	0,466300011	0,465700001	0,466899991	0,467799991	0,467299998	0,467900008	0,467700005	0,469199985	0,467000008	0,465900004	0,468199998	0,466899991	0,468699992	0,464599997	0,467400014
G8	0,107900001	0,104400001	0,105400003	0,104400001	0,104500003	0,102799997	0,1039	0,106600001	0,104099996	0,104199998	0,105400003	0,105400003	0,104900002	0,105499998	0,1052	0,105099998	0,105599999	0,1065	0,106200002	0,107000001	0,107799999	0,107799999	0,107299998	0,1087	0,108599998	0,109700002	0,108400002	0,108800001	0,110200003	0,111699998	0,110600002	0,110600002	0,110799998	0,111199997	0,110699996	0,110799998	0,111599997	0,110600002	0,1131	0,112400003	0,114699997	0,113700002	0,112899996	0,113700002	0,114	0,1131	0,115000002	0,114399999	0,115099996	0,114799999	0,1153	0,115099996	0,114699997	0,115199998	0,115599997	0,115199998	0,114600003	0,1153	0,115800001	0,1153	0,115800001	0,116599999	0,116400003	0,116999999	0,116999999	0,117200002	0,118199997	0,118500002	0,1184	0,119000003	0,119199999	0,1197	0,119599998	0,120499998	0,120300002	0,120399997	0,121399999	0,1215	0,122299999	0,122699998	0,123300001	0,123000003	0,123800002	0,124399997	0,124200001	0,125	0,125400007	0,126000002	0,126699999	0,126900002	0,127499998	0,128600001	0,129099995	0,129299998	0,130700007	0,132100001	0,133000001	0,133200005	0,133599997	0,133900002	0,135399997	0,136800006	0,135900006	0,136299998	0,1373	0,137999997	0,138400003	0,138999999	0,141000003	0,140799999	0,142800003	0,142900005	0,144199997	0,144999996	0,145600006	0,146400005	0,147400007	0,147100002	0,148599997	0,149000004	0,150299996	0,150399998	0,151600003	0,153200001	0,153200001	0,154400006	0,153699994	0,155599996	0,157100007	0,156299993	0,157800004	0,159099996	0,160699993	0,161899999	0,163100004	0,163800001	0,165299997	0,166500002	0,166199997	0,166800007	0,1699	0,170900002	0,172600001	0,174099997	0,175899997	0,175600007	0,177399993	0,180800006	0,181600004	0,184599996	0,186100006	0,186900005	0,189700007	0,191499993	0,1928	0,195199996	0,196400002	0,197500005	0,201000005	0,203199998	0,206	0,208199993	0,210099995	0,212500006	0,213300005	0,217700005	0,218500003	0,221799999	0,224199995	0,225999996	0,228	0,227599993	0,229399994	0,231199995	0,231000006	0,234799996	0,233799994	0,234400004	0,234999999	0,236300007	0,235799998	0,238299996	0,238399997	0,240199998	0,238900006	0,240999997	0,243100002	0,242699996	0,243699998	0,245800003	0,246399999	0,248099998	0,248199999	0,249200001	0,249500006	0,252499998	0,253699988	0,254999995	0,254799992	0,255800009	0,258300006	0,2588	0,260600001	0,261000007	0,262800008	0,263599992	0,267699987	0,267100006	0,268400013	0,269199997	0,272399992	0,272500008	0,272399992	0,276499987	0,27700001	0,280499995	0,278899997	0,279900014	0,283100009	0,282000005	0,284500003	0,286799997	0,287800014	0,287999988	0,290699989	0,291900009	0,292499989	0,293900013	0,294800013	0,29519999	0,298299998	0,299499989	0,300300002	0,301699996	0,303900003	0,303200006	0,306400001	0,307200015	0,307999998	0,309700012	0,31220001	0,31220001	0,314700007	0,315100014	0,317000002	0,319299996	0,321700007	0,321999997	0,323000014	0,324600011	0,326400012	0,329100013	0,330300003	0,3292	0,332899988	0,333400011	0,335299999	0,337799996	0,339100003	0,339599997	0,343100011	0,344799995	0,345800012	0,346799999	0,349299997	0,351700008	0,352800012	0,355100006	0,356999993	0,358500004	0,359800011	0,360500008	0,362699986	0,363999993	0,364800006	0,366299987	0,367900014	0,371300012	0,370799989	0,372599989	0,373100013	0,377000004	0,378300011	0,379299998	0,380699992	0,381300002	0,384499997	0,38530001	0,386200011	0,387100011	0,388200015	0,389299989	0,390500009	0,391200006	0,391900003	0,393099993	0,395999998	0,397500008	0,398400009	0,399599999
G9	0,147400007	0,122000001	0,119999997	0,116999999	0,118100002	0,123000003	0,117700003	0,124799997	0,119499996	0,119499996	0,122599997	0,125699997	0,125300005	0,124799997	0,127599999	0,129299998	0,130799994	0,131500006	0,132400006	0,131400004	0,131799996	0,132799998	0,133399993	0,1347	0,135600001	0,137099996	0,136399999	0,137500003	0,138099998	0,140100002	0,139599994	0,140499994	0,141900003	0,142399997	0,142800003	0,143600002	0,144199997	0,145500004	0,144700006	0,145500004	0,146699995	0,148100004	0,148800001	0,149399996	0,1514	0,151800007	0,151999995	0,153200001	0,153799996	0,154699996	0,156299993	0,157499999	0,157900006	0,158800006	0,160099998	0,160400003	0,161799997	0,163399994	0,164399996	0,164800003	0,166999996	0,168400005	0,170399994	0,171000004	0,172600001	0,173600003	0,176100001	0,179100007	0,179399997	0,182099998	0,183300003	0,183799997	0,186100006	0,188600004	0,189600006	0,189799994	0,191300005	0,194000006	0,196999997	0,200499997	0,203400001	0,206100002	0,209800005	0,211799994	0,214599997	0,217899993	0,220200002	0,2236	0,227300003	0,229599997	0,232800007	0,235799998	0,238600001	0,242400005	0,245100006	0,248500004	0,252099991	0,255499989	0,257600009	0,261900008	0,265500009	0,268700004	0,273499995	0,275999993	0,281100005	0,282200009	0,282299995	0,2852	0,289200008	0,292699993	0,293000013	0,297600001	0,301200002	0,303499997	0,304800004	0,305500001	0,308099985	0,308400005	0,311699986	0,31099999	0,316399992	0,315200001	0,316900015	0,320199996	0,3204	0,323500007	0,324600011	0,327899992	0,328700006	0,32980001	0,331400007	0,333999991	0,336800009	0,33860001	0,339599997	0,341500014	0,342500001	0,345200002	0,34830001	0,34920001	0,352100015	0,351000011	0,353599995	0,356900007	0,357600003	0,357800007	0,361000001	0,364800006	0,363900006	0,366600007	0,367599994	0,368800014	0,370000005	0,373199999	0,375	0,376700014	0,37560001	0,379299998	0,381900012	0,382499993	0,385800004	0,385699987	0,387699991	0,386500001	0,389200002	0,391099989	0,393099993	0,395000011	0,397000015	0,397100002	0,399399996	0,402500004	0,4023	0,405600011	0,406199992	0,408699989	0,4102	0,411000013	0,412400007	0,412200004	0,412499994	0,415600002	0,414099991	0,419499993	0,4208	0,4208	0,423500001	0,423400015	0,426299989	0,426299989	0,430099994	0,431800008	0,431800008	0,433499992	0,433400005	0,435600013	0,436699986	0,436199993	0,43810001	0,441199988	0,442099988	0,443100005	0,443199992	0,445199996	0,446200013	0,447600007	0,448000014	0,448700011	0,449299991	0,454400003	0,452899992	0,453799993	0,455500007	0,458400011	0,45660001	0,460099995	0,458600014	0,461100012	0,461100012	0,463499993	0,463699996	0,46360001	0,465999991	0,467099994	0,470200002	0,469399989	0,470099986	0,468800008	0,471700013	0,474000007	0,474000007	0,475199997	0,474400014	0,476300001	0,476200014	0,474599987	0,475199997	0,477899998	0,476900011	0,480100006	0,48300001	0,4815	0,48269999	0,478300005	0,479699999	0,481099993	0,481299996	0,480300009	0,480199993	0,479400009	0,479600012	0,480500013	0,479000002	0,478700012	0,479699999	0,479900002	0,480500013	0,483999997	0,480399996	0,482300013	0,48210001	0,48269999	0,48179999	0,482899994	0,481700003	0,4824	0,482600003	0,481599987	0,479200006	0,480699986	0,480599999	0,480699986	0,481700003	0,480599999	0,483700007	0,481700003	0,48120001	0,481400013	0,481599987	0,480100006	0,48179999	0,481000006	0,482600003	0,482199997	0,4815	0,48300001	0,48269999	0,480800003	0,48179999	0,482199997	0,483700007	0,4824	0,483599991	0,482199997	0,485700011	0,483099997	0,484100014	0,483099997	0,483599991	0,484699994
G10	0,1215	0,108900003	0,1083	0,108000003	0,107100002	0,106899999	0,107100002	0,106399998	0,107500002	0,107900001	0,109099999	0,108599998	0,109800003	0,108800001	0,1096	0,110299997	0,109800003	0,109700002	0,1109	0,1096	0,110399999	0,110699996	0,109999999	0,111299999	0,1131	0,111299999	0,111699998	0,111100003	0,110299997	0,111299999	0,111400001	0,111500002	0,112199999	0,1118	0,1118	0,112899996	0,112599999	0,112400003	0,112000003	0,1127	0,112499997	0,113700002	0,113799997	0,112999998	0,112999998	0,114	0,112999998	0,113499999	0,113499999	0,114100002	0,113799997	0,113700002	0,114100002	0,113700002	0,115000002	0,114299998	0,113700002	0,114500001	0,115800001	0,116800003	0,1149	0,117299996	0,116300002	0,115599997	0,116499998	0,116599999	0,116099998	0,1175	0,117200002	0,117899999	0,117799997	0,118500002	0,119400002	0,118600003	0,118199997	0,118799999	0,120300002	0,120499998	0,120399997	0,120499998	0,120700002	0,1219	0,122599997	0,123499997	0,1241	0,1241	0,124700002	0,126399994	0,126399994	0,127499998	0,127900004	0,128900006	0,1294	0,130799994	0,130600005	0,131200001	0,132200003	0,1329	0,134200007	0,135299996	0,136700004	0,1373	0,138099998	0,139400005	0,141800001	0,142000005	0,142800003	0,143199995	0,145300001	0,146599993	0,148399994	0,1479	0,150700003	0,151700005	0,154300004	0,1558	0,157100007	0,1602	0,159799993	0,161400005	0,163599998	0,164700001	0,166199997	0,167699993	0,168099999	0,169699997	0,1699	0,172600001	0,173800007	0,175300002	0,176300004	0,177699998	0,1796	0,179399997	0,182099998	0,182099998	0,183300003	0,184599996	0,185599998	0,188500002	0,189899996	0,191400006	0,194499999	0,195999995	0,196899995	0,197500005	0,205500007	0,215100005	0,220200002	0,226300001	0,230800003	0,232600003	0,237800002	0,241600007	0,243900001	0,246199995	0,250400007	0,25	0,254200011	0,256199986	0,259000003	0,261599988	0,264699996	0,268099993	0,272100002	0,274899989	0,277200013	0,279500008	0,284200013	0,287900001	0,290600002	0,292699993	0,297399998	0,300399989	0,30309999	0,306800008	0,308299989	0,312700003	0,314799994	0,316799998	0,318399996	0,321200013	0,326000005	0,328099996	0,33039999	0,332500011	0,333799988	0,340499997	0,3398	0,345200002	0,346100003	0,349799991	0,3495	0,354699999	0,355100006	0,358500004	0,361400008	0,362500012	0,36590001	0,367700011	0,372999996	0,373699993	0,377000004	0,378899992	0,384299994	0,38319999	0,388500005	0,390199989	0,392100006	0,395799994	0,399399996	0,400200009	0,403899997	0,407999992	0,406899989	0,410400003	0,412600011	0,416000009	0,417299986	0,419	0,420399994	0,423400015	0,42750001	0,429500014	0,429500014	0,435799986	0,434799999	0,435900003	0,437999994	0,440699995	0,443199992	0,445499986	0,447299987	0,451200008	0,450599998	0,450899988	0,453599989	0,456699997	0,456099987	0,458099991	0,462599993	0,462300003	0,46540001	0,463699996	0,466399997	0,468600005	0,470899999	0,468800008	0,471199989	0,473500013	0,475699991	0,476700008	0,476700008	0,477100015	0,479600012	0,482499987	0,482300013	0,484800011	0,484100014	0,487199992	0,486900002	0,488000005	0,489300013	0,491100013	0,491100013	0,491600007	0,493400007	0,491899997	0,495599985	0,494700015	0,495299995	0,495599985	0,499599993	0,497799993	0,501699984	0,50120002	0,499900013	0,502699971	0,497999996	0,499500006	0,502300024	0,501600027	0,504400015	0,4991	0,501299977	0,499500006	0,49939999	0,500199974	0,500699997	0,501100004	0,50120002	0,502900004	0,502699971	0,501399994	0,503799975	0,502099991	0,503199995	0,502099991	0,500800014	0,501800001
G11	0,139799997	0,1303	0,126399994	0,121699996	0,1197	0,1219	0,122000001	0,1338	0,125799999	0,125400007	0,122900002	0,124300003	0,125799999	0,126800001	0,132799998	0,128000006	0,134100005	0,131200001	0,131600007	0,133599997	0,133699998	0,133900002	0,136099994	0,135800004	0,136700004	0,137099996	0,138099998	0,139400005	0,140200004	0,140499994	0,1417	0,142000005	0,142900005	0,143600002	0,143800005	0,144999996	0,145099998	0,146599993	0,147599995	0,147799999	0,148800001	0,149900004	0,150600001	0,150900006	0,152799994	0,153099999	0,154200003	0,155300006	0,157199994	0,157900006	0,158800006	0,160600007	0,161500007	0,162799999	0,163599998	0,165700004	0,167600006	0,168799996	0,170399994	0,171900004	0,173700005	0,175699994	0,177699998	0,179900005	0,182099998	0,183500007	0,185399994	0,187199995	0,189400002	0,191699997	0,193800002	0,194900006	0,197799996	0,200299993	0,202900007	0,204300001	0,206599995	0,2095	0,211799994	0,213799998	0,217299998	0,219699994	0,222200006	0,224299997	0,228400007	0,229599997	0,234500006	0,237299994	0,2403	0,243000001	0,244800001	0,247199997	0,2509	0,252900004	0,255100012	0,2579	0,26030001	0,263500005	0,264299989	0,266600013	0,271400005	0,273000002	0,272000015	0,272000015	0,276199996	0,279000014	0,280900002	0,281699985	0,28580001	0,289400011	0,291099995	0,293900013	0,297899991	0,300500005	0,3028	0,305799991	0,310099989	0,31279999	0,315800011	0,317799985	0,324900001	0,324299991	0,3301	0,336199999	0,337399989	0,3389	0,340799987	0,345899999	0,349099994	0,350800008	0,353500009	0,358500004	0,362899989	0,364199996	0,368200004	0,371399999	0,372099996	0,376100004	0,381199986	0,381599993	0,3847	0,387800008	0,3917	0,392199993	0,396200001	0,397100002	0,400099993	0,405400008	0,405800015	0,408699989	0,410400003	0,413100004	0,417899996	0,418500006	0,421400011	0,424800009	0,426699996	0,42930001	0,432900012	0,432700008	0,436100006	0,439300001	0,438600004	0,441100001	0,442499995	0,448500007	0,447400004	0,448199987	0,451999992	0,454400003	0,454699993	0,459199995	0,460200012	0,463800013	0,463699996	0,468199998	0,469000012	0,473199993	0,472299993	0,4727	0,477800012	0,474299997	0,478899986	0,481900007	0,483599991	0,483900011	0,485399991	0,488099992	0,490799993	0,492599994	0,492900014	0,496399999	0,494899988	0,497599989	0,4991	0,499900013	0,500699997	0,50059998	0,502600014	0,503899992	0,506399989	0,505699992	0,507600009	0,507499993	0,511699975	0,511600018	0,512399971	0,513700008	0,512199998	0,514999986	0,515699983	0,51880002	0,51789999	0,51880002	0,519900024	0,520699978	0,521099985	0,520900011	0,522899985	0,523100019	0,521799982	0,523699999	0,528800011	0,528800011	0,528100014	0,529999971	0,528199971	0,528400004	0,531000018	0,530099988	0,533299983	0,532400012	0,532999992	0,536000013	0,535600007	0,533699989	0,536499977	0,537100017	0,53640002	0,538999975	0,540099978	0,538800001	0,539600015	0,537800014	0,540199995	0,540199995	0,540300012	0,540199995	0,538800001	0,538200021	0,53609997	0,537	0,537999988	0,53609997	0,536300004	0,538999975	0,538200021	0,540199995	0,537100017	0,540499985	0,537599981	0,53579998	0,538800001	0,539799988	0,538600028	0,538999975	0,537500024	0,537999988	0,540300012	0,537899971	0,534799993	0,536300004	0,53640002	0,534399986	0,539600015	0,53490001	0,53670001	0,537699997	0,534500003	0,53579998	0,537500024	0,53640002	0,53640002	0,532999992	0,536499977	0,534300029	0,536800027	0,538200021	0,537100017	0,53640002	0,539099991	0,53579998	0,537899971	0,535600007	0,536899984	0,536899984	0,539300025	0,535899997	0,539099991	0,53579998
G12	0,1382	0,122000001	0,120800003	0,1193	0,122299999	0,124399997	0,120499998	0,128999993	0,122599997	0,123099998	0,124200001	0,126000002	0,127299994	0,130600005	0,131400004	0,128999993	0,131099999	0,132699996	0,133000001	0,134900004	0,134000003	0,134900004	0,136199996	0,137199998	0,138500005	0,139500007	0,139799997	0,141299993	0,142499998	0,143099993	0,144899994	0,145699993	0,146599993	0,147599995	0,149900004	0,150900006	0,151800007	0,153500006	0,155499995	0,1567	0,158700004	0,159400001	0,160899997	0,163800001	0,165900007	0,167500004	0,169	0,170699999	0,1752	0,176799998	0,180600002	0,184300005	0,185299993	0,189700007	0,192100003	0,1963	0,199000001	0,202700004	0,206799999	0,208399996	0,212899998	0,217299998	0,221000001	0,225600004	0,230900005	0,235599995	0,238999993	0,241899997	0,245399997	0,248099998	0,251199991	0,252799988	0,2579	0,261200011	0,265100002	0,266299993	0,270799994	0,273999989	0,276800007	0,279199988	0,284700006	0,286799997	0,289600015	0,293099999	0,294999987	0,300000012	0,301999986	0,305000007	0,309799999	0,312599987	0,317200005	0,32280001	0,329299986	0,331200004	0,338	0,340600014	0,345400006	0,3486	0,353100002	0,35769999	0,363200009	0,367000014	0,368999988	0,371899992	0,380699992	0,380100012	0,382299989	0,385399997	0,390399992	0,393900007	0,396400005	0,40079999	0,405400008	0,404799998	0,409999996	0,41139999	0,414700001	0,418500006	0,421400011	0,423299998	0,429699987	0,430700004	0,432700008	0,438300014	0,440600008	0,441300005	0,442099988	0,44690001	0,448500007	0,452100009	0,451499999	0,456200004	0,462799996	0,463400006	0,463999987	0,466199994	0,466100007	0,470200002	0,4727	0,473199993	0,476799995	0,479299992	0,482899994	0,48120001	0,482499987	0,4824	0,485100001	0,492199987	0,490700006	0,489899993	0,493600011	0,493600011	0,495499998	0,496899992	0,495599985	0,49939999	0,499199986	0,501999974	0,503099978	0,505599976	0,503799975	0,505400002	0,504999995	0,504800022	0,505299985	0,509299994	0,506399989	0,509800017	0,511200011	0,512099981	0,511200011	0,514100015	0,512099981	0,515100002	0,514900029	0,515200019	0,517400026	0,519800007	0,514999986	0,517199993	0,520399988	0,515799999	0,517199993	0,522199988	0,521000028	0,519299984	0,522499979	0,519599974	0,526300013	0,5255	0,523899972	0,528299987	0,52700001	0,529500008	0,527999997	0,528900027	0,532999992	0,527700007	0,531599998	0,530200005	0,533399999	0,532299995	0,530499995	0,529500008	0,531199992	0,532899976	0,533599973	0,532700002	0,532500029	0,5352	0,533500016	0,535000026	0,531400025	0,537100017	0,536000013	0,536300004	0,534200013	0,536000013	0,531799972	0,534300029	0,532999992	0,534600019	0,533399999	0,532299995	0,533999979	0,535399973	0,532999992	0,531899989	0,536599994	0,532199979	0,534200013	0,534200013	0,534500003	0,534200013	0,532599986	0,529399991	0,532299995	0,533900023	0,532800019	0,533399999	0,534699976	0,529299974	0,532299995	0,52670002	0,530700028	0,532599986	0,531300008	0,528900027	0,528999984	0,529100001	0,52759999	0,52759999	0,528500021	0,527700007	0,529500008	0,524200022	0,527400017	0,529600024	0,529500008	0,527899981	0,526600003	0,525200009	0,526899993	0,528199971	0,523899972	0,525600016	0,522000015	0,528100014	0,518999994	0,522899985	0,521600008	0,523800015	0,521700025	0,521499991	0,522700012	0,51880002	0,520799994	0,523299992	0,522800028	0,523100019	0,522400022	0,51730001	0,519800007	0,520500004	0,524699986	0,517099977	0,525600016	0,520699978	0,526799977	0,520099998	0,52609998	0,519800007	0,521899998	0,523299992	0,520299971	0,522400022	0,521799982	0,518999994	0,520600021	0,518899977
H1	0,088500001	0,087800004	0,087899998	0,088	0,087800004	0,088100001	0,088	0,088799998	0,088299997	0,088100001	0,088	0,087800004	0,088799998	0,088699996	0,089299999	0,088799998	0,088399999	0,0889	0,088699996	0,0898	0,087899998	0,088600002	0,087899998	0,088600002	0,088600002	0,088699996	0,0902	0,088799998	0,088600002	0,087800004	0,089699998	0,089400001	0,087800004	0,088299997	0,087800004	0,088299997	0,088600002	0,088100001	0,087800004	0,088100001	0,088100001	0,0889	0,087800004	0,087899998	0,087800004	0,087899998	0,087899998	0,088399999	0,087800004	0,087899998	0,087899998	0,089199997	0,087700002	0,087800004	0,088399999	0,088600002	0,087800004	0,088299997	0,088600002	0,088	0,088	0,088100001	0,088200003	0,087899998	0,088100001	0,088299997	0,088399999	0,088799998	0,088399999	0,088200003	0,088299997	0,088	0,088699996	0,088500001	0,088600002	0,088699996	0,088799998	0,088699996	0,088399999	0,089000002	0,089100003	0,088799998	0,089299999	0,088699996	0,089199997	0,088600002	0,089100003	0,089000002	0,088699996	0,088699996	0,088699996	0,088600002	0,089299999	0,089100003	0,089000002	0,088799998	0,089000002	0,089100003	0,089500003	0,089299999	0,089299999	0,089000002	0,089100003	0,088699996	0,088799998	0,089199997	0,088799998	0,0889	0,088699996	0,089199997	0,088600002	0,089299999	0,089199997	0,089699998	0,0889	0,0889	0,089500003	0,088799998	0,089100003	0,089000002	0,0889	0,088699996	0,088799998	0,088600002	0,0889	0,088799998	0,089100003	0,089100003	0,089000002	0,088600002	0,089000002	0,088399999	0,0889	0,0889	0,089000002	0,088500001	0,089100003	0,088500001	0,088500001	0,088500001	0,088600002	0,088600002	0,088699996	0,0889	0,088600002	0,088600002	0,088399999	0,089000002	0,088600002	0,088500001	0,089000002	0,088500001	0,088399999	0,089000002	0,089500003	0,088600002	0,088799998	0,089100003	0,088699996	0,089500003	0,088699996	0,088799998	0,088699996	0,088799998	0,089199997	0,088500001	0,088600002	0,088699996	0,089000002	0,088699996	0,089000002	0,088799998	0,088500001	0,0898	0,0889	0,089699998	0,088799998	0,089599997	0,089299999	0,088799998	0,089100003	0,089100003	0,089000002	0,089299999	0,089199997	0,089299999	0,088500001	0,088699996	0,088799998	0,089100003	0,089299999	0,089199997	0,089299999	0,089100003	0,089100003	0,089599997	0,088799998	0,089400001	0,089299999	0,089299999	0,089199997	0,089299999	0,089100003	0,0898	0,089299999	0,090000004	0,089199997	0,089400001	0,089199997	0,089199997	0,089699998	0,088600002	0,0889	0,0902	0,089599997	0,089400001	0,0898	0,089400001	0,089699998	0,089599997	0,089100003	0,088799998	0,089000002	0,089599997	0,088699996	0,088600002	0,0889	0,089400001	0,0889	0,088799998	0,088799998	0,088699996	0,088600002	0,088600002	0,0889	0,088600002	0,088500001	0,088699996	0,089000002	0,088799998	0,088799998	0,089100003	0,088799998	0,088699996	0,089000002	0,088799998	0,088799998	0,088699996	0,089000002	0,089000002	0,088699996	0,088699996	0,089100003	0,089100003	0,089000002	0,0889	0,089000002	0,088799998	0,088699996	0,088799998	0,088699996	0,089100003	0,089000002	0,088699996	0,0889	0,089000002	0,089000002	0,0889	0,088799998	0,0889	0,0889	0,088799998	0,089100003	0,088500001	0,089299999	0,088699996	0,0889	0,088600002	0,088799998	0,089000002	0,089100003	0,089500003	0,088799998	0,089000002	0,0889	0,089100003	0,089000002	0,089400001	0,089199997	0,088799998	0,089500003	0,088500001	0,0889	0,089199997	0,088799998	0,089400001	0,088699996	0,089599997	0,089000002	0,089000002
H2	0,088500001	0,088299997	0,087200001	0,087700002	0,087399997	0,087499999	0,087099999	0,087700002	0,088500001	0,087700002	0,0898	0,088	0,095200002	0,088699996	0,092399999	0,087700002	0,092	0,0911	0,089900002	0,088399999	0,092399999	0,088699996	0,089000002	0,091399997	0,089299999	0,092600003	0,089199997	0,0898	0,091600001	0,092600003	0,0942	0,092900001	0,092699997	0,0902	0,091700003	0,089400001	0,0911	0,093000002	0,092799999	0,092600003	0,090300001	0,090300001	0,089900002	0,090300001	0,096699998	0,097199999	0,099200003	0,095100001	0,091200002	0,093500003	0,096500002	0,0933	0,093699999	0,092	0,097499996	0,0955	0,092600003	0,097400002	0,094400004	0,103100002	0,102499999	0,096600004	0,102300003	0,101300001	0,104500003	0,0964	0,098499998	0,1043	0,105599999	0,105800003	0,107299998	0,107799999	0,105700001	0,103699997	0,107100002	0,104599997	0,104699999	0,105400003	0,105999999	0,105499998	0,108400002	0,108400002	0,109300002	0,111100003	0,112000003	0,112999998	0,114699997	0,115999997	0,118100002	0,119199999	0,120399997	0,122500002	0,124200001	0,126000002	0,127800003	0,131400004	0,132400006	0,135199994	0,137199998	0,141100004	0,144299999	0,147300005	0,151700005	0,154100001	0,158000007	0,161699995	0,166700006	0,170300007	0,175899997	0,180199996	0,185699999	0,192200005	0,197799996	0,203500003	0,210500002	0,215000004	0,221900001	0,228200004	0,236900002	0,241500005	0,246700004	0,252600014	0,258300006	0,264099985	0,270500004	0,276600003	0,281399995	0,287600011	0,292499989	0,299499989	0,303000003	0,308699995	0,316300005	0,317299992	0,325300008	0,3301	0,335200012	0,34040001	0,346500009	0,350899994	0,355100006	0,362599999	0,366100013	0,371499985	0,375	0,379299998	0,382299989	0,389299989	0,392500013	0,397000015	0,400200009	0,406500012	0,408300012	0,411199987	0,414499998	0,421900004	0,424699992	0,427700013	0,432799995	0,4375	0,440600008	0,444900006	0,447100013	0,452600002	0,455199987	0,461100012	0,462599993	0,466500014	0,474000007	0,477299988	0,480399996	0,483399987	0,484899998	0,492700011	0,490099996	0,495499998	0,498600006	0,50029999	0,504400015	0,505900025	0,511500001	0,508899987	0,514299989	0,519400001	0,5176	0,519999981	0,522700012	0,523400009	0,52579999	0,526799977	0,529500008	0,530600011	0,533500016	0,531300008	0,532500029	0,533399999	0,536800027	0,53640002	0,537699997	0,539699972	0,539399981	0,540400028	0,542999983	0,542800009	0,541899979	0,544700027	0,546899974	0,544700027	0,544700027	0,546599984	0,551999986	0,548799992	0,549799979	0,550599992	0,552600026	0,551100016	0,55400002	0,55339998	0,554400027	0,556800008	0,555599988	0,558300018	0,557600021	0,556400001	0,558000028	0,562600017	0,561800003	0,562399983	0,563300014	0,56309998	0,563799977	0,563300014	0,564899981	0,567900002	0,565900028	0,568199992	0,568000019	0,567900002	0,566200018	0,570800006	0,569700003	0,5704	0,571200013	0,570500016	0,571699977	0,57160002	0,571500003	0,573800027	0,573000014	0,571500003	0,573899984	0,573800027	0,578599989	0,574000001	0,577400029	0,575900018	0,574999988	0,575699985	0,576399982	0,576699972	0,57980001	0,578299999	0,578800023	0,577300012	0,577799976	0,579599977	0,575999975	0,577499986	0,577799976	0,579599977	0,578599989	0,580600023	0,580799997	0,575399995	0,582700014	0,583199978	0,584599972	0,584800005	0,584999979	0,583299994	0,586499989	0,586600006	0,586199999	0,587499976	0,584500015	0,583100021	0,585099995	0,583899975	0,581399977	0,583500028	0,581799984	0,586000025	0,581799984	0,584200025	0,583899975	0,583700001	0,586300015	0,585300028	0,585399985	0,585699975
H3	0,097099997	0,0889	0,090499997	0,089299999	0,089599997	0,089400001	0,090400003	0,093500003	0,0902	0,0898	0,089699998	0,089699998	0,091300003	0,089900002	0,090899996	0,090300001	0,090099998	0,091200002	0,091300003	0,091700003	0,091499999	0,090400003	0,091700003	0,092100002	0,092200004	0,091300003	0,094099998	0,097999997	0,090999998	0,091200002	0,093000002	0,091700003	0,091700003	0,091700003	0,092900001	0,093699999	0,090999998	0,0977	0,094300002	0,100400001	0,093500003	0,096199997	0,093699999	0,093699999	0,092799999	0,093400002	0,092299998	0,092100002	0,093500003	0,0933	0,092500001	0,097499996	0,093199998	0,094099998	0,097999997	0,093900003	0,093500003	0,094099998	0,093900003	0,094899997	0,095399998	0,098099999	0,096299998	0,097099997	0,095799997	0,095600002	0,097099997	0,1096	0,097999997	0,100299999	0,098399997	0,099299997	0,100699998	0,0995	0,098700002	0,100599997	0,100400001	0,103399999	0,1052	0,1021	0,103500001	0,102300003	0,103500001	0,104999997	0,1061	0,105300002	0,1065	0,107799999	0,109499998	0,109300002	0,111199997	0,111500002	0,112899996	0,114	0,115400001	0,116499998	0,118000001	0,119499996	0,119999997	0,122400001	0,124700002	0,125799999	0,127800003	0,128999993	0,131600007	0,134800002	0,136999995	0,138999999	0,141399994	0,143900007	0,147	0,149499997	0,154400006	0,156200007	0,160899997	0,164499998	0,168500006	0,171499997	0,177100003	0,181400001	0,185200006	0,190699995	0,193599999	0,198300004	0,202800006	0,206	0,212699994	0,216999993	0,221900001	0,226999998	0,232299998	0,2359	0,240799993	0,246099994	0,251399994	0,257200003	0,260399997	0,262899995	0,268099993	0,271800011	0,277700007	0,281300008	0,284700006	0,28670001	0,291700006	0,293599993	0,297800004	0,303000003	0,307300001	0,310099989	0,312900007	0,321099997	0,321099997	0,326299995	0,328599989	0,333900005	0,338099986	0,340799987	0,346199989	0,347799987	0,352100015	0,356900007	0,35769999	0,362399995	0,36500001	0,370999992	0,371199995	0,376800001	0,38440001	0,382200003	0,388500005	0,390100002	0,392800003	0,397300005	0,397100002	0,401899993	0,407499999	0,407400012	0,413300008	0,415800005	0,421900004	0,423000008	0,429199994	0,429399997	0,433499992	0,436699986	0,438600004	0,439999998	0,447899997	0,449600011	0,452699989	0,456400007	0,459600002	0,462399989	0,46540001	0,467500001	0,474099994	0,474099994	0,475699991	0,479799986	0,483999997	0,4833	0,486200005	0,4912	0,494100004	0,498400003	0,49970001	0,503300011	0,504100025	0,506799996	0,512099981	0,510699987	0,510500014	0,514800012	0,518899977	0,520299971	0,523599982	0,5255	0,52579999	0,530399978	0,529799998	0,532100022	0,533699989	0,534600019	0,532999992	0,538500011	0,541499972	0,540499985	0,542299986	0,543900013	0,545000017	0,544499993	0,546199977	0,549700022	0,548099995	0,553900003	0,552399993	0,554700017	0,553600013	0,558300018	0,557299972	0,558000028	0,558099985	0,559300005	0,561999977	0,559599996	0,56309998	0,563499987	0,564100027	0,561800003	0,563000023	0,566299975	0,569500029	0,565699995	0,571799994	0,567499995	0,564700007	0,572899997	0,569299996	0,569899976	0,574100018	0,572799981	0,573099971	0,573300004	0,573300004	0,574899971	0,574699998	0,575299978	0,577700019	0,577799976	0,577600002	0,580500007	0,578800023	0,580299973	0,583599985	0,584299982	0,583299994	0,583599985	0,583999991	0,583299994	0,586799979	0,585799992	0,583899975	0,584100008	0,586199999	0,587400019	0,5898	0,587300003	0,591600001	0,586499989	0,586799979	0,586099982	0,588800013	0,5898	0,588100016	0,586399972	0,591000021	0,587800026	0,5898	0,588100016
H4	0,103399999	0,090599999	0,090599999	0,090899996	0,091399997	0,092200004	0,092399999	0,091300003	0,092100002	0,091899998	0,0911	0,092100002	0,093999997	0,093400002	0,092299998	0,092299998	0,091499999	0,092200004	0,091499999	0,093000002	0,091700003	0,093800001	0,091799997	0,091799997	0,092200004	0,092100002	0,093500003	0,092	0,091600001	0,100599997	0,092900001	0,092299998	0,092699997	0,092799999	0,091899998	0,094499998	0,094800003	0,092900001	0,092500001	0,095299996	0,094999999	0,095200002	0,092799999	0,093999997	0,094899997	0,093800001	0,098300003	0,097900003	0,094899997	0,093999997	0,097999997	0,098300003	0,095299996	0,095200002	0,097999997	0,101199999	0,096900001	0,095799997	0,103200004	0,095899999	0,104400001	0,1039	0,0995	0,098099999	0,097499996	0,097000003	0,104099996	0,098999999	0,108400002	0,111500002	0,1131	0,101199999	0,100199997	0,1008	0,101999998	0,102399997	0,102499999	0,104099996	0,104699999	0,104599997	0,104999997	0,105999999	0,106899999	0,107799999	0,108900003	0,109800003	0,111000001	0,115500003	0,114399999	0,115099996	0,115599997	0,116899997	0,118600003	0,1197	0,121100001	0,122900002	0,124300003	0,126399994	0,127499998	0,130700007	0,133399993	0,135199994	0,137899995	0,139699996	0,142800003	0,145500004	0,149499997	0,152700007	0,155599996	0,159400001	0,163000003	0,167799994	0,172499999	0,177100003	0,181600004	0,185499996	0,192200005	0,196500003	0,201499999	0,206200004	0,212799996	0,218799993	0,224199995	0,229399994	0,235400006	0,241600007	0,246000007	0,250400007	0,252700001	0,261700004	0,267500013	0,270300001	0,277099997	0,283499986	0,284999996	0,291399986	0,2958	0,301200002	0,307200015	0,309399992	0,316300005	0,321200013	0,324299991	0,330799997	0,333900005	0,342599988	0,342000008	0,348399997	0,355699986	0,358399987	0,361000001	0,365399987	0,368900001	0,373600006	0,37470001	0,383899987	0,38319999	0,388200015	0,393299997	0,395300001	0,400700003	0,403400004	0,405800015	0,411300004	0,4111	0,415499985	0,420399994	0,425099999	0,430400014	0,433499992	0,43599999	0,439300001	0,443100005	0,447600007	0,450100005	0,453200012	0,459300011	0,457399994	0,464100003	0,467400014	0,471100003	0,469900012	0,479099989	0,475600004	0,481299996	0,486400008	0,49000001	0,492599994	0,49849999	0,497299999	0,499799997	0,501900017	0,508300006	0,509899974	0,509500027	0,512099981	0,515799999	0,516300023	0,519500017	0,522899985	0,523999989	0,525300026	0,528100014	0,529299974	0,531599998	0,533100009	0,532999992	0,534799993	0,536199987	0,536899984	0,540499985	0,539099991	0,540300012	0,543200016	0,543500006	0,546999991	0,54519999	0,549700022	0,547299981	0,549600005	0,552399993	0,551800013	0,553900003	0,549000025	0,551699996	0,556200027	0,557099998	0,556900024	0,555700004	0,559099972	0,559400022	0,561600029	0,561500013	0,560599983	0,56220001	0,563600004	0,564700007	0,564700007	0,564700007	0,567300022	0,567600012	0,566299975	0,569700003	0,567900002	0,569800019	0,568700016	0,571200013	0,571699977	0,572899997	0,570900023	0,573599994	0,5722	0,574800014	0,573300004	0,576300025	0,572799981	0,572899997	0,576200008	0,577700019	0,578199983	0,579699993	0,577799976	0,58160001	0,578999996	0,579699993	0,581399977	0,580299973	0,583199978	0,582099974	0,581799984	0,584399998	0,586099982	0,585300028	0,587199986	0,584500015	0,586700022	0,585099995	0,588100016	0,587499976	0,587000012	0,587599993	0,589999974	0,584900022	0,586199999	0,582799971	0,588100016	0,587400019	0,589900017	0,592299998	0,58859998	0,593900025	0,590900004	0,595899999	0,597000003	0,594099998	0,595000029	0,594299972	0,595899999	0,596300006	0,595899999
H5	0,090300001	0,086300001	0,085699998	0,0854	0,085299999	0,085100003	0,085000001	0,084899999	0,085299999	0,084899999	0,085500002	0,084799998	0,084600002	0,084600002	0,0845	0,0845	0,084899999	0,0845	0,084799998	0,084799998	0,084700003	0,084600002	0,084399998	0,0845	0,084399998	0,084700003	0,084399998	0,084700003	0,0845	0,084700003	0,084600002	0,084600002	0,0845	0,084600002	0,085100003	0,084600002	0,084399998	0,084600002	0,085000001	0,084700003	0,084600002	0,084600002	0,0845	0,085000001	0,0845	0,0845	0,084600002	0,084600002	0,0845	0,084600002	0,084600002	0,084700003	0,084600002	0,084600002	0,0845	0,084600002	0,084399998	0,084600002	0,084799998	0,0845	0,084600002	0,084600002	0,084600002	0,084799998	0,084600002	0,084600002	0,084700003	0,084700003	0,084600002	0,084600002	0,084600002	0,084600002	0,084700003	0,084700003	0,084700003	0,084600002	0,084600002	0,0845	0,085000001	0,084799998	0,084600002	0,084700003	0,084700003	0,084700003	0,084600002	0,084600002	0,0845	0,084600002	0,084700003	0,084799998	0,084700003	0,084600002	0,084700003	0,084600002	0,084600002	0,084700003	0,084700003	0,084700003	0,084700003	0,084799998	0,084700003	0,084799998	0,084600002	0,084600002	0,084799998	0,084799998	0,084899999	0,084799998	0,084600002	0,084899999	0,084700003	0,084700003	0,084600002	0,084700003	0,084700003	0,084700003	0,084600002	0,084700003	0,084600002	0,084799998	0,084700003	0,084700003	0,084700003	0,084799998	0,084700003	0,084600002	0,084799998	0,084700003	0,084700003	0,084799998	0,084799998	0,084600002	0,084700003	0,084700003	0,084600002	0,084799998	0,084899999	0,084799998	0,084799998	0,084799998	0,084600002	0,084799998	0,084799998	0,084700003	0,084799998	0,084799998	0,084799998	0,084899999	0,084700003	0,084799998	0,084799998	0,084899999	0,084700003	0,084799998	0,084899999	0,085100003	0,084700003	0,085000001	0,084899999	0,085000001	0,084799998	0,085100003	0,084799998	0,085100003	0,084899999	0,084899999	0,084899999	0,084899999	0,084899999	0,085000001	0,085100003	0,085100003	0,085000001	0,084899999	0,085000001	0,084899999	0,085199997	0,084899999	0,085299999	0,084899999	0,085199997	0,085100003	0,0854	0,084899999	0,085199997	0,085199997	0,085100003	0,085000001	0,085100003	0,085299999	0,085100003	0,085199997	0,085100003	0,085100003	0,085000001	0,085100003	0,085199997	0,085000001	0,085199997	0,085000001	0,085000001	0,084899999	0,084899999	0,085000001	0,084899999	0,085000001	0,084899999	0,084899999	0,085199997	0,085199997	0,085199997	0,084899999	0,084899999	0,085000001	0,085000001	0,085000001	0,085000001	0,085299999	0,085000001	0,085199997	0,085100003	0,084899999	0,085000001	0,085000001	0,084899999	0,0854	0,085100003	0,085000001	0,085199997	0,085199997	0,0854	0,085100003	0,085000001	0,084899999	0,085000001	0,085199997	0,085000001	0,084899999	0,085100003	0,085299999	0,085100003	0,085100003	0,084899999	0,085199997	0,085199997	0,084899999	0,085100003	0,085000001	0,085199997	0,085000001	0,085000001	0,085000001	0,0854	0,085100003	0,0854	0,085100003	0,085199997	0,085000001	0,085199997	0,085100003	0,0854	0,085199997	0,085500002	0,085199997	0,0854	0,085299999	0,085199997	0,085199997	0,085299999	0,0854	0,0854	0,0854	0,085100003	0,085299999	0,085600004	0,085299999	0,085299999	0,085600004	0,085299999	0,085199997	0,085600004	0,085600004	0,0854	0,0854	0,085500002	0,0854	0,085100003	0,085299999	0,085600004	0,0854	0,085299999	0,085199997	0,0854	0,085699998	0,085699998	0,0854	0,085500002	0,085299999	0,085500002	0,085699998
H6	0,116099998	0,111400001	0,109899998	0,1109	0,110399999	0,112199999	0,111900002	0,113499999	0,1149	0,118600003	0,117399998	0,118900001	0,120999999	0,123999998	0,127700001	0,127399996	0,129099995	0,1285	0,1294	0,129899994	0,131200001	0,131799996	0,133000001	0,133000001	0,134200007	0,135199994	0,134800002	0,135399997	0,136399999	0,136999995	0,137700006	0,1382	0,137799993	0,139400005	0,139400005	0,138999999	0,141200006	0,140400007	0,141000003	0,141499996	0,142100006	0,142100006	0,142299995	0,142700002	0,142399997	0,143399999	0,143099993	0,1435	0,143700004	0,144199997	0,144299999	0,144999996	0,144600004	0,144500002	0,145699993	0,145600006	0,145699993	0,145600006	0,1461	0,146599993	0,147300005	0,147799999	0,147	0,148200005	0,147300005	0,147799999	0,147499993	0,149000004	0,148599997	0,148900002	0,149900004	0,150399998	0,150700003	0,150299996	0,150600001	0,151099995	0,150700003	0,151299998	0,152400002	0,151800007	0,152600005	0,152600005	0,152999997	0,152799994	0,153999999	0,153300002	0,153500006	0,155100003	0,155100003	0,154499993	0,155000001	0,154599994	0,155699998	0,155399993	0,155300006	0,154899999	0,156599998	0,156100005	0,156800002	0,157299995	0,157600001	0,157600001	0,157299995	0,158399999	0,158299997	0,158000007	0,158800006	0,159099996	0,160500005	0,159600005	0,159299999	0,159899995	0,159400001	0,160699993	0,161200002	0,161200002	0,161699995	0,161300004	0,162300006	0,161599994	0,162300006	0,161599994	0,162699997	0,163000003	0,164100006	0,163800001	0,163200006	0,163299993	0,163900003	0,163399994	0,163699999	0,164299995	0,164900005	0,165800005	0,165000007	0,1655	0,165399998	0,1655	0,166299999	0,165900007	0,167400002	0,166899994	0,167799994	0,167899996	0,167899996	0,167699993	0,168099999	0,168799996	0,169300005	0,169100001	0,169300005	0,170599997	0,170300007	0,169400007	0,170900002	0,170900002	0,171499997	0,170100003	0,171299994	0,171200007	0,172600001	0,1734	0,1734	0,173199996	0,174400002	0,173700005	0,1752	0,173800007	0,175600007	0,175799996	0,176699996	0,175600007	0,173199996	0,174999997	0,174199998	0,174199998	0,174899995	0,175600007	0,175500005	0,175400004	0,176799998	0,176699996	0,177200004	0,179000005	0,178299993	0,178299993	0,178399995	0,179000005	0,179399997	0,181099996	0,180099994	0,180800006	0,1822	0,183899999	0,182300001	0,182799995	0,182600006	0,182999998	0,184599996	0,184900001	0,186499998	0,185800001	0,185200006	0,1884	0,188199997	0,189099997	0,189700007	0,190200001	0,189999998	0,190400004	0,191300005	0,193399996	0,193599999	0,193399996	0,194299996	0,195299998	0,194800004	0,196099997	0,196700007	0,198100001	0,1972	0,197600007	0,1972	0,199000001	0,197699994	0,200499997	0,199599996	0,200599998	0,200100005	0,201199993	0,201499999	0,202099994	0,202099994	0,202700004	0,203799993	0,202700004	0,202600002	0,205200002	0,203199998	0,204400003	0,204899997	0,205300003	0,205500007	0,205899999	0,207300007	0,204899997	0,205599993	0,205699995	0,206300005	0,206300005	0,205699995	0,204999998	0,205799997	0,205500007	0,206300005	0,206200004	0,205500007	0,206599995	0,206900001	0,207399994	0,206799999	0,207399994	0,207699999	0,207200006	0,208199993	0,209000006	0,206900001	0,206200004	0,208199993	0,205799997	0,206499994	0,208399996	0,209099993	0,206699997	0,207499996	0,208399996	0,207399994	0,209099993	0,207900003	0,208399996	0,210299999	0,210899994	0,211500004	0,208700001	0,209199995	0,210600004	0,211799994	0,213599995	0,212400004	0,212699994	0,212400004	0,215000004	0,214000002	0,212300003	0,214599997	0,216399997	0,216700003	0,217600003	0,216999993	0,218899995
H7	0,123199999	0,108199999	0,107100002	0,107900001	0,107699998	0,112099998	0,110699996	0,112899996	0,1153	0,112199999	0,112499997	0,1162	0,114799999	0,115999997	0,115900002	0,119499996	0,121699996	0,122500002	0,118000001	0,118799999	0,119900003	0,1193	0,120399997	0,120399997	0,120700002	0,121100001	0,121100001	0,121600002	0,122100003	0,122699998	0,1219	0,122199997	0,122400001	0,122599997	0,122599997	0,122299999	0,123000003	0,123499997	0,123300001	0,123999998	0,124300003	0,124200001	0,1241	0,124899998	0,124300003	0,124700002	0,124600001	0,124600001	0,125	0,125100002	0,125100002	0,126100004	0,124899998	0,125400007	0,125499994	0,126000002	0,125699997	0,125799999	0,1259	0,125699997	0,126200005	0,126499996	0,126300007	0,126900002	0,126900002	0,126800001	0,127000004	0,127299994	0,127100006	0,127900004	0,127599999	0,127599999	0,127900004	0,128700003	0,128199995	0,128800005	0,128299996	0,129199997	0,1294	0,129199997	0,1294	0,129700005	0,129500002	0,130700007	0,130400002	0,129700005	0,130199999	0,130400002	0,130999997	0,130700007	0,130700007	0,130099997	0,131400004	0,131300002	0,132300004	0,131699994	0,131799996	0,132100001	0,133000001	0,132300004	0,132599995	0,132599995	0,133200005	0,132599995	0,133499995	0,133900002	0,134100005	0,134299994	0,134000003	0,134100005	0,134399995	0,134599999	0,1347	0,134900004	0,135100007	0,135299996	0,135100007	0,135100007	0,135100007	0,135499999	0,136199996	0,135100007	0,136299998	0,136399999	0,136500001	0,136199996	0,137099996	0,136899993	0,136700004	0,1373	0,1373	0,136899993	0,137799993	0,138899997	0,137999997	0,139200002	0,138699993	0,138999999	0,139300004	0,139599994	0,138899997	0,140300006	0,140300006	0,140499994	0,140900001	0,140799999	0,141399994	0,141900003	0,142199993	0,141800001	0,142700002	0,142499998	0,142000005	0,143000007	0,143299997	0,1426	0,143800005	0,144600004	0,144400001	0,144099995	0,144899994	0,144700006	0,145300001	0,145300001	0,144700006	0,145699993	0,146400005	0,146200001	0,146200001	0,146599993	0,146899998	0,147499993	0,1479	0,148800001	0,149000004	0,148399994	0,148900002	0,148800001	0,148800001	0,149399996	0,149700001	0,149399996	0,150199994	0,150900006	0,1514	0,151099995	0,151600003	0,150900006	0,151899993	0,152099997	0,152099997	0,152199998	0,152500004	0,153099999	0,153400004	0,152899995	0,153699994	0,154200003	0,153300002	0,153300002	0,154599994	0,154200003	0,154599994	0,154699996	0,156000003	0,1558	0,155100003	0,155300006	0,155599996	0,156100005	0,156399995	0,156599998	0,156399995	0,157399997	0,156299993	0,157700002	0,157700002	0,156900004	0,157499999	0,158099994	0,158099994	0,158999994	0,158199996	0,157800004	0,159799993	0,159099996	0,158099994	0,158700004	0,159600005	0,158500001	0,160500005	0,160600007	0,159899995	0,160899997	0,159999996	0,160400003	0,160500005	0,161500007	0,160999998	0,160699993	0,161500007	0,162100002	0,161899999	0,160999998	0,162	0,161699995	0,162300006	0,162200004	0,162300006	0,163000003	0,162900001	0,162900001	0,163399994	0,163800001	0,163100004	0,162300006	0,162499994	0,163499996	0,164100006	0,164700001	0,166099995	0,166299999	0,168300003	0,167899996	0,168099999	0,169400007	0,169599995	0,170300007	0,171100006	0,170900002	0,172700003	0,172299996	0,172600001	0,172700003	0,175099999	0,175099999	0,175400004	0,174899995	0,175699994	0,177300006	0,176699996	0,177399993	0,177900001	0,177499995	0,177000001	0,177200004	0,177900001	0,178100005	0,178599998	0,178499997	0,180000007	0,1796	0,178900003	0,178000003	0,179800004	0,1778	0,178900003	0,179800004	0,180000007	0,179000005
H8	0,124899998	0,1184	0,108400002	0,1131	0,110100001	0,112099998	0,109499998	0,111199997	0,112300001	0,110200003	0,111699998	0,112300001	0,113399997	0,114500001	0,116800003	0,116400003	0,119599998	0,123999998	0,118000001	0,124499999	0,127800003	0,126399994	0,126399994	0,125599995	0,127800003	0,128299996	0,127000004	0,127100006	0,126900002	0,127599999	0,126000002	0,125	0,125200003	0,125799999	0,126200005	0,125499994	0,126900002	0,126699999	0,126900002	0,126900002	0,127299994	0,127599999	0,127700001	0,128099993	0,128099993	0,128700003	0,128299996	0,128999993	0,128399998	0,129299998	0,129700005	0,129099995	0,129199997	0,129500002	0,130199999	0,130099997	0,130199999	0,130799994	0,130600005	0,1303	0,131400004	0,130600005	0,130500004	0,131500006	0,132200003	0,131699994	0,131099999	0,131400004	0,131400004	0,131999999	0,132300004	0,131899998	0,132599995	0,132200003	0,132599995	0,133300006	0,1329	0,133599997	0,133599997	0,133699998	0,133699998	0,134000003	0,134100005	0,134499997	0,134200007	0,134900004	0,135000005	0,135900006	0,135600001	0,136099994	0,135399997	0,135299996	0,135700002	0,136099994	0,137099996	0,136999995	0,136999995	0,137199998	0,1373	0,137099996	0,137400001	0,137999997	0,137899995	0,138400003	0,138799995	0,138400003	0,138799995	0,139699996	0,1391	0,139400005	0,139599994	0,139799997	0,140799999	0,139599994	0,141200006	0,141000003	0,141000003	0,1417	0,141499996	0,141399994	0,141800001	0,141200006	0,141000003	0,141800001	0,142199993	0,142299995	0,142000005	0,141900003	0,142100006	0,143700004	0,142800003	0,143099993	0,143399999	0,143700004	0,143099993	0,143600002	0,144299999	0,144400001	0,144199997	0,144899994	0,144299999	0,145199999	0,145799994	0,145199999	0,145600006	0,145400003	0,145999998	0,146300003	0,145999998	0,146699995	0,146799996	0,147499993	0,147599995	0,147599995	0,148000002	0,148300007	0,147799999	0,149700001	0,148900002	0,148699999	0,149299994	0,148699999	0,149700001	0,148599997	0,148699999	0,149900004	0,149800003	0,150199994	0,149800003	0,149800003	0,150600001	0,151099995	0,150000006	0,1505	0,151700005	0,151099995	0,1523	0,152700007	0,152700007	0,1523	0,151999995	0,153300002	0,152899995	0,153500006	0,153500006	0,153300002	0,153200001	0,153699994	0,153500006	0,154400006	0,153999999	0,154899999	0,154599994	0,154799998	0,155399993	0,154699996	0,156200007	0,156299993	0,155599996	0,156100005	0,156800002	0,155699998	0,155699998	0,155699998	0,155599996	0,155200005	0,156599998	0,157399997	0,157199994	0,155900002	0,157299995	0,157000005	0,155699998	0,156900004	0,156200007	0,157399997	0,156499997	0,155599996	0,155599996	0,155699998	0,156200007	0,156499997	0,156399995	0,155699998	0,156399995	0,155599996	0,155599996	0,155399993	0,155100003	0,155599996	0,154599994	0,155000001	0,155000001	0,156100005	0,155200005	0,156599998	0,156800002	0,157299995	0,157299995	0,158000007	0,157900006	0,158700004	0,159199998	0,159099996	0,1602	0,160799995	0,161400005	0,162799999	0,162900001	0,162	0,163000003	0,162799999	0,163599998	0,163800001	0,165099993	0,1655	0,165000007	0,164800003	0,166500002	0,166999996	0,167600006	0,168500006	0,166999996	0,167699993	0,168300003	0,168099999	0,168200001	0,168799996	0,168699995	0,168799996	0,167799994	0,167799994	0,168699995	0,167300001	0,167799994	0,167899996	0,167099997	0,168099999	0,166099995	0,1664	0,167400002	0,165700004	0,165099993	0,165099993	0,164700001	0,165800005	0,165000007	0,163399994	0,163599998	0,163499996	0,163699999	0,163800001	0,162699997	0,162100002	0,161400005	0,1611	0,160999998	0,160899997	0,161699995	0,160500005
H9	0,086999997	0,085699998	0,086800002	0,088600002	0,089100003	0,088799998	0,087300003	0,085900001	0,0854	0,084799998	0,084700003	0,084600002	0,084899999	0,085199997	0,085100003	0,085299999	0,085100003	0,084899999	0,084899999	0,084899999	0,084799998	0,084700003	0,084899999	0,084899999	0,085100003	0,085199997	0,085000001	0,084799998	0,084700003	0,084899999	0,0854	0,084799998	0,084799998	0,085500002	0,085100003	0,084700003	0,085100003	0,084799998	0,085100003	0,0854	0,085100003	0,085500002	0,084799998	0,085100003	0,085000001	0,085100003	0,085000001	0,084799998	0,084700003	0,085000001	0,0854	0,085000001	0,084600002	0,084799998	0,085000001	0,084700003	0,0854	0,085100003	0,084799998	0,085299999	0,085100003	0,085100003	0,084899999	0,085000001	0,085199997	0,084899999	0,084899999	0,085100003	0,085000001	0,085199997	0,085299999	0,0854	0,085000001	0,085199997	0,085199997	0,085000001	0,0854	0,085500002	0,0854	0,085199997	0,085199997	0,085199997	0,085199997	0,085100003	0,085500002	0,085000001	0,085199997	0,085299999	0,085199997	0,085299999	0,085100003	0,085199997	0,085299999	0,085100003	0,085000001	0,085100003	0,085100003	0,084899999	0,084799998	0,085199997	0,085299999	0,085299999	0,084899999	0,085000001	0,0854	0,0854	0,085299999	0,085299999	0,085199997	0,085199997	0,085299999	0,085000001	0,085199997	0,085199997	0,085500002	0,0854	0,085900001	0,085100003	0,085900001	0,085699998	0,085500002	0,085299999	0,0854	0,085600004	0,085500002	0,085199997	0,085699998	0,085199997	0,0854	0,0858	0,0854	0,085199997	0,085600004	0,085500002	0,085199997	0,086199999	0,085699998	0,0858	0,085900001	0,085500002	0,085699998	0,085900001	0,085900001	0,085699998	0,085500002	0,0854	0,0854	0,085699998	0,085699998	0,086199999	0,085299999	0,085900001	0,085600004	0,085699998	0,0858	0,086800002	0,085900001	0,085500002	0,086099997	0,086199999	0,085900001	0,086300001	0,085699998	0,086499996	0,0858	0,085600004	0,0858	0,085600004	0,085500002	0,085500002	0,085500002	0,085600004	0,085600004	0,0858	0,0858	0,085600004	0,085699998	0,085500002	0,086300001	0,085699998	0,0854	0,085500002	0,085500002	0,0854	0,085500002	0,085600004	0,0867	0,086099997	0,085500002	0,085699998	0,0854	0,085900001	0,085600004	0,085600004	0,085100003	0,085600004	0,085500002	0,0858	0,0858	0,087399997	0,0876	0,086400002	0,085699998	0,086000003	0,087200001	0,0858	0,0858	0,086099997	0,0858	0,086400002	0,087099999	0,086099997	0,086300001	0,086900003	0,086000003	0,085900001	0,085699998	0,087200001	0,0858	0,086199999	0,086800002	0,086300001	0,086900003	0,086300001	0,086000003	0,087899998	0,087099999	0,0858	0,085900001	0,087899998	0,086499996	0,087700002	0,087200001	0,086800002	0,0867	0,086800002	0,086400002	0,086999997	0,086900003	0,087200001	0,0876	0,087099999	0,088100001	0,087499999	0,087300003	0,085699998	0,088100001	0,087099999	0,088200003	0,088699996	0,086900003	0,086599998	0,089199997	0,087300003	0,088600002	0,0876	0,085900001	0,086999997	0,088699996	0,086599998	0,089699998	0,087200001	0,089199997	0,087099999	0,086499996	0,086900003	0,087399997	0,088500001	0,087099999	0,086300001	0,089599997	0,088100001	0,086199999	0,088699996	0,088399999	0,086900003	0,086499996	0,092	0,086000003	0,086000003	0,086800002	0,086000003	0,087899998	0,087300003	0,088299997	0,087200001	0,0876	0,085900001	0,086300001	0,086999997	0,086000003	0,087700002	0,088399999	0,090400003	0,088	0,087399997	0,089199997	0,088500001	0,088200003	0,089199997
H10	0,090800002	0,086599998	0,086199999	0,086000003	0,085900001	0,086199999	0,086000003	0,085900001	0,086000003	0,086000003	0,086199999	0,086000003	0,086199999	0,086199999	0,086199999	0,086499996	0,086400002	0,086199999	0,086099997	0,086099997	0,086000003	0,0858	0,086199999	0,086199999	0,086300001	0,086300001	0,086099997	0,086000003	0,086099997	0,086300001	0,086400002	0,086000003	0,086099997	0,086599998	0,086400002	0,086000003	0,086300001	0,086199999	0,086199999	0,086300001	0,086400002	0,086300001	0,086099997	0,086400002	0,086199999	0,086300001	0,086199999	0,086099997	0,085900001	0,086199999	0,086400002	0,086300001	0,085900001	0,086099997	0,086099997	0,086000003	0,086099997	0,086199999	0,086000003	0,086000003	0,086300001	0,086199999	0,086199999	0,086300001	0,086199999	0,086300001	0,086199999	0,086300001	0,086300001	0,086099997	0,086300001	0,086000003	0,086199999	0,086199999	0,086099997	0,086199999	0,086099997	0,086000003	0,086199999	0,086099997	0,086000003	0,086000003	0,086000003	0,086099997	0,086000003	0,086000003	0,085900001	0,086000003	0,086300001	0,086000003	0,086000003	0,086000003	0,086000003	0,086000003	0,0858	0,086099997	0,085900001	0,086099997	0,085900001	0,086099997	0,085900001	0,086000003	0,0858	0,085699998	0,085900001	0,086000003	0,085900001	0,086000003	0,086000003	0,085900001	0,086000003	0,0858	0,0858	0,085900001	0,085900001	0,086000003	0,086099997	0,086000003	0,086000003	0,086099997	0,086099997	0,086000003	0,086099997	0,086400002	0,086099997	0,086000003	0,0867	0,086099997	0,086099997	0,086300001	0,086199999	0,085900001	0,086400002	0,086300001	0,085900001	0,087300003	0,086300001	0,0867	0,086800002	0,086800002	0,086000003	0,087300003	0,0867	0,087099999	0,086599998	0,086300001	0,086400002	0,086499996	0,086300001	0,087099999	0,086199999	0,086599998	0,086199999	0,087099999	0,087300003	0,086900003	0,087200001	0,086000003	0,0867	0,086900003	0,087200001	0,087200001	0,086400002	0,087399997	0,087099999	0,086800002	0,087200001	0,086099997	0,086599998	0,086199999	0,086599998	0,0867	0,087399997	0,086499996	0,086800002	0,086199999	0,086599998	0,086099997	0,086300001	0,086199999	0,086400002	0,086199999	0,086300001	0,086000003	0,086599998	0,0867	0,086800002	0,086099997	0,086300001	0,086800002	0,086199999	0,086999997	0,086599998	0,086400002	0,0867	0,086800002	0,0889	0,086599998	0,0867	0,086400002	0,087300003	0,087300003	0,086400002	0,087399997	0,086400002	0,086300001	0,086300001	0,087300003	0,087399997	0,0867	0,086999997	0,087200001	0,088	0,086999997	0,086400002	0,086800002	0,086800002	0,086599998	0,086999997	0,086300001	0,087099999	0,086999997	0,087099999	0,087200001	0,087800004	0,087700002	0,088	0,087499999	0,086999997	0,086999997	0,087300003	0,087300003	0,086199999	0,086999997	0,087800004	0,086999997	0,087300003	0,086800002	0,087399997	0,087499999	0,087800004	0,087399997	0,0867	0,087300003	0,087399997	0,086900003	0,087800004	0,086900003	0,087300003	0,087800004	0,087399997	0,087499999	0,086900003	0,086900003	0,086599998	0,087899998	0,087099999	0,087399997	0,087200001	0,0867	0,087399997	0,086999997	0,086599998	0,086999997	0,087300003	0,086300001	0,086300001	0,086800002	0,087300003	0,087300003	0,086599998	0,086499996	0,086599998	0,086599998	0,087099999	0,0867	0,086400002	0,088100001	0,0867	0,086499996	0,086400002	0,086499996	0,086800002	0,086800002	0,086400002	0,086300001	0,0867	0,086300001	0,086300001	0,0867	0,0867	0,086900003	0,086400002	0,0867	0,086599998	0,086599998	0,0867	0,0867	0,086800002	0,086900003
H11	0,0867	0,086000003	0,087099999	0,085299999	0,085299999	0,0854	0,085299999	0,085299999	0,085299999	0,085199997	0,085000001	0,085000001	0,085000001	0,085000001	0,084899999	0,084899999	0,085100003	0,085100003	0,084899999	0,085000001	0,084899999	0,085100003	0,085199997	0,085199997	0,084700003	0,084799998	0,084799998	0,085000001	0,084700003	0,085000001	0,085000001	0,084899999	0,085000001	0,085000001	0,084899999	0,084899999	0,084799998	0,085000001	0,084899999	0,085000001	0,085000001	0,084799998	0,084799998	0,085000001	0,084899999	0,084700003	0,084899999	0,084799998	0,084899999	0,084899999	0,085000001	0,084899999	0,085000001	0,084899999	0,084799998	0,085000001	0,084899999	0,085199997	0,085000001	0,084899999	0,084899999	0,085000001	0,084799998	0,085000001	0,085100003	0,085000001	0,085000001	0,085100003	0,085500002	0,085000001	0,084899999	0,085000001	0,084899999	0,085100003	0,085199997	0,084899999	0,084899999	0,085000001	0,085100003	0,085100003	0,085000001	0,085100003	0,085000001	0,085000001	0,085100003	0,085000001	0,085000001	0,085100003	0,085100003	0,085000001	0,085000001	0,085100003	0,085000001	0,084899999	0,085100003	0,085199997	0,085100003	0,085299999	0,084899999	0,085199997	0,085100003	0,084899999	0,084899999	0,084799998	0,085000001	0,085100003	0,085199997	0,085100003	0,085100003	0,085100003	0,085000001	0,084899999	0,085100003	0,085100003	0,085100003	0,085100003	0,085299999	0,085000001	0,085299999	0,0854	0,085299999	0,085100003	0,085000001	0,085199997	0,085100003	0,085100003	0,085100003	0,085100003	0,085100003	0,085100003	0,085100003	0,085100003	0,084899999	0,085100003	0,085299999	0,085100003	0,085199997	0,085500002	0,085199997	0,085100003	0,085000001	0,085100003	0,085199997	0,085100003	0,085100003	0,085100003	0,085100003	0,085199997	0,085100003	0,085100003	0,085199997	0,085100003	0,085100003	0,085100003	0,085199997	0,0854	0,085000001	0,085100003	0,085299999	0,085299999	0,0854	0,0854	0,085199997	0,085199997	0,085199997	0,085199997	0,085299999	0,085199997	0,085199997	0,085299999	0,0854	0,085100003	0,085199997	0,085299999	0,085299999	0,085199997	0,085299999	0,085199997	0,085299999	0,085199997	0,085299999	0,085299999	0,085199997	0,085500002	0,085500002	0,085299999	0,0854	0,085199997	0,085299999	0,0854	0,085299999	0,0854	0,085299999	0,085500002	0,085100003	0,0854	0,0854	0,085299999	0,085199997	0,0854	0,085100003	0,085199997	0,085299999	0,085100003	0,085199997	0,085299999	0,085100003	0,085299999	0,085299999	0,085299999	0,085100003	0,085199997	0,085199997	0,085299999	0,0854	0,085299999	0,085199997	0,0854	0,085199997	0,085299999	0,085299999	0,085199997	0,0854	0,085299999	0,085299999	0,0854	0,085199997	0,085199997	0,085199997	0,0858	0,0854	0,0854	0,085199997	0,085100003	0,0854	0,085199997	0,0854	0,085299999	0,085199997	0,085299999	0,085299999	0,085299999	0,085299999	0,0854	0,085199997	0,085199997	0,085299999	0,085199997	0,085299999	0,085299999	0,085299999	0,085199997	0,0854	0,0854	0,085100003	0,085299999	0,0854	0,085699998	0,0854	0,085299999	0,085299999	0,085500002	0,085600004	0,0854	0,085600004	0,085299999	0,085299999	0,0854	0,0854	0,085500002	0,085299999	0,085199997	0,085299999	0,086000003	0,0854	0,085299999	0,085299999	0,085500002	0,085100003	0,0854	0,0854	0,085500002	0,085600004	0,085500002	0,0854	0,085699998	0,085699998	0,085299999	0,0854	0,085600004	0,085299999	0,085500002	0,085299999	0,085299999	0,085299999	0,085199997	0,0854	0,085600004	0,085299999	0,0854
H12	0,089299999	0,090599999	0,094300002	0,091300003	0,086199999	0,086900003	0,087099999	0,092399999	0,091499999	0,0902	0,090800002	0,086199999	0,0911	0,091300003	0,090000004	0,089100003	0,091300003	0,094599999	0,088699996	0,094300002	0,094099998	0,093999997	0,086099997	0,087899998	0,092200004	0,089500003	0,089199997	0,090499997	0,086900003	0,086099997	0,087300003	0,086199999	0,086400002	0,086099997	0,086400002	0,086300001	0,086099997	0,086099997	0,086000003	0,086099997	0,086099997	0,086099997	0,085900001	0,086000003	0,086300001	0,085900001	0,085900001	0,086000003	0,086000003	0,086000003	0,086099997	0,086099997	0,088600002	0,085900001	0,086099997	0,086499996	0,085900001	0,086099997	0,0898	0,086300001	0,093400002	0,087800004	0,090300001	0,085900001	0,086400002	0,087399997	0,0867	0,089599997	0,086000003	0,086599998	0,091399997	0,086000003	0,086199999	0,086000003	0,086000003	0,086800002	0,086099997	0,086199999	0,087300003	0,086300001	0,086000003	0,086199999	0,086499996	0,086300001	0,085900001	0,086000003	0,086300001	0,085900001	0,0867	0,0858	0,086099997	0,086000003	0,086099997	0,086000003	0,0858	0,085900001	0,086000003	0,085900001	0,085699998	0,086000003	0,086499996	0,086000003	0,086000003	0,0858	0,088200003	0,086300001	0,0858	0,086999997	0,085900001	0,085900001	0,085900001	0,086000003	0,085900001	0,094300002	0,086599998	0,086199999	0,086000003	0,090599999	0,091899998	0,086000003	0,086199999	0,086099997	0,085900001	0,085900001	0,085900001	0,085900001	0,086000003	0,085900001	0,086300001	0,088200003	0,086499996	0,0858	0,085900001	0,086000003	0,086000003	0,085900001	0,086199999	0,086099997	0,085900001	0,0858	0,088399999	0,0858	0,085900001	0,0858	0,085699998	0,085699998	0,0858	0,086000003	0,086000003	0,085900001	0,085900001	0,086499996	0,0858	0,0858	0,086199999	0,086499996	0,0858	0,086000003	0,086000003	0,086000003	0,085900001	0,086000003	0,087499999	0,086000003	0,0867	0,086000003	0,086300001	0,086199999	0,087099999	0,085900001	0,086199999	0,0858	0,086000003	0,086199999	0,087800004	0,085900001	0,085900001	0,085900001	0,085699998	0,086000003	0,0858	0,086199999	0,085900001	0,092200004	0,085900001	0,0858	0,085600004	0,086099997	0,086099997	0,085900001	0,086000003	0,094599999	0,0858	0,086000003	0,085699998	0,086000003	0,086000003	0,0858	0,0858	0,085699998	0,085900001	0,0858	0,085600004	0,085699998	0,090700001	0,085900001	0,085900001	0,0858	0,090899996	0,085900001	0,0858	0,085900001	0,085900001	0,092500001	0,086099997	0,086999997	0,085900001	0,0858	0,090700001	0,086000003	0,087499999	0,086099997	0,086199999	0,091899998	0,0858	0,090099998	0,086400002	0,093000002	0,085900001	0,0933	0,090899996	0,0858	0,093699999	0,0858	0,089199997	0,086199999	0,085900001	0,090300001	0,086400002	0,085900001	0,088600002	0,095700003	0,088100001	0,089900002	0,090700001	0,0942	0,0964	0,090099998	0,090700001	0,096199997	0,088200003	0,089400001	0,087499999	0,088399999	0,0858	0,085900001	0,086000003	0,085900001	0,0858	0,086000003	0,086099997	0,086000003	0,086099997	0,087399997	0,086000003	0,086300001	0,086000003	0,085900001	0,087099999	0,086300001	0,0889	0,093999997	0,087899998	0,089000002	0,095600002	0,090800002	0,0858	0,090999998	0,0858	0,093199998	0,0911	0,091399997	0,090599999	0,094999999	0,087099999	0,086300001	0,090000004	0,089500003	0,089900002	0,088299997	0,090599999	0,088500001	0,092500001	0,086000003	0,089500003	0,095700003	0,090099998	0,087899998	0,095399998	0,088
